t_ms,rssi_dbm,snr_db,epoch_s
3442,-10,9.75,822931172
3578,-10,9.25,822931172
3715,-10,9.25,822931172
3848,-10,10.0,822931172
3983,-10,9.5,822931172
4124,-11,9.5,822931172
4252,-10,9.75,822931173
4387,-11,9.5,822931173
4521,-10,9.75,822931173
4656,-10,10.0,822931173
4796,-15,9.0,822931173
4936,-15,9.5,822931173
5076,-15,9.5,822931173
5216,-15,9.0,822931174
5356,-15,9.5,822931174
5496,-15,9.25,822931174
5636,-15,9.25,822931174
5776,-15,9.5,822931174
5916,-15,9.25,822931174
6056,-15,9.0,822931174
6198,-15,9.0,822931174
6336,-15,9.0,822931175
6476,-15,9.75,822931175
6616,-15,9.25,822931175
6758,-15,9.25,822931175
6899,-15,9.0,822931175
7038,-15,9.5,822931175
7178,-15,9.25,822931175
7319,-15,9.25,822931176
7459,-15,9.5,822931176
7598,-15,9.75,822931176
7739,-15,9.25,822931176
7879,-15,9.25,822931176
8018,-25,9.25,822931176
8159,-15,9.5,822931176
8299,-15,9.75,822931177
8439,-15,9.5,822931177
8579,-15,9.25,822931177
8719,-15,9.5,822931177
8859,-15,9.25,822931177
8999,-16,9.0,822931177
9139,-16,9.25,822931177
9279,-16,9.25,822931178
9419,-16,9.5,822931178
9559,-16,9.25,822931178
9699,-16,9.25,822931178
9839,-16,9.5,822931178
9981,-15,9.5,822931178
10121,-16,9.25,822931178
10261,-16,9.0,822931179
10401,-16,9.25,822931179
10541,-16,9.5,822931179
10681,-15,9.5,822931179
10821,-16,9.0,822931179
10961,-15,9.25,822931179
11101,-16,9.25,822931179
11241,-16,6.0,822931180
11381,-15,9.5,822931180
11521,-16,9.25,822931180
11661,-15,9.0,822931180
11802,-15,9.0,822931180
11941,-15,9.5,822931180
12081,-16,9.5,822931180
12221,-15,9.25,822931181
12362,-16,9.25,822931181
12504,-16,9.25,822931181
12644,-16,9.25,822931181
12784,-16,9.25,822931181
12924,-16,9.0,822931181
13064,-15,9.25,822931181
13204,-16,9.0,822931181
13344,-15,9.0,822931182
13484,-15,8.75,822931182
13624,-16,9.5,822931182
13764,-16,9.0,822931182
13904,-16,9.0,822931182
14044,-16,9.25,822931182
14184,-16,9.25,822931182
14324,-16,9.25,822931183
14464,-16,9.0,822931183
14604,-16,9.25,822931183
14744,-16,9.5,822931183
14886,-16,9.5,822931183
15028,-16,9.5,822931183
15166,-16,9.5,822931183
15306,-16,9.25,822931184
15446,-16,9.5,822931184
15586,-16,9.75,822931184
15726,-16,9.5,822931184
15866,-16,8.75,822931184
16006,-16,9.75,822931184
16146,-16,9.5,822931184
16287,-16,9.5,822931185
16427,-16,9.25,822931185
16566,-16,9.5,822931185
16707,-15,9.5,822931185
16847,-16,9.25,822931185
17126,-16,9.5,822931185
17267,-16,9.0,822931186
17407,-16,9.25,822931186
17547,-15,9.5,822931186
17688,-16,9.5,822931186
17827,-16,9.5,822931186
17967,-15,9.5,822931186
18107,-15,9.75,822931186
18249,-16,9.5,822931187
18389,-15,9.75,822931187
18529,-16,9.75,822931187
18671,-15,9.25,822931187
18809,-15,9.5,822931187
18949,-15,9.5,822931187
19089,-16,9.25,822931187
19229,-16,9.25,822931188
19369,-15,9.5,822931188
19509,-15,9.25,822931188
19649,-15,9.0,822931188
19789,-16,9.25,822931188
19929,-16,9.25,822931188
20069,-16,9.25,822931188
20209,-15,9.5,822931188
20349,-16,9.75,822931189
20489,-16,9.75,822931189
20631,-15,9.5,822931189
20772,-15,9.5,822931189
20912,-15,9.25,822931189
21052,-15,9.5,822931189
21191,-16,9.25,822931189
21332,-15,8.75,822931190
21472,-16,9.0,822931190
21612,-15,9.0,822931190
21752,-16,9.5,822931190
21892,-16,9.5,822931190
22032,-15,9.25,822931190
22172,-15,9.75,822931190
22312,-15,9.0,822931191
22454,-15,9.0,822931191
22592,-15,9.5,822931191
22732,-16,9.5,822931191
22872,-16,9.25,822931191
23012,-15,9.25,822931191
23152,-15,9.25,822931191
23292,-16,9.5,822931192
23432,-15,9.5,822931192
23572,-16,9.5,822931192
23712,-15,9.0,822931192
23852,-15,9.0,822931192
23994,-15,9.25,822931192
24134,-16,9.25,822931192
24274,-16,9.0,822931193
24414,-15,9.25,822931193
24554,-15,9.5,822931193
24694,-16,9.25,822931193
24834,-15,9.25,822931193
24974,-15,9.5,822931193
25114,-15,9.75,822931193
25254,-16,10.0,822931194
25394,-15,10.0,822931194
25534,-15,9.75,822931194
25674,-16,9.0,822931194
25814,-15,9.25,822931194
25955,-16,9.5,822931194
26094,-15,9.75,822931194
26234,-16,9.25,822931195
26377,-15,10.0,822931195
26516,-15,9.75,822931195
26656,-16,9.75,822931195
26797,-15,9.5,822931195
26937,-16,9.25,822931195
27077,-16,9.0,822931195
27217,-15,9.5,822931196
27357,-15,9.25,822931196
27497,-16,9.5,822931196
27637,-16,9.25,822931196
27777,-16,9.25,822931196
27917,-15,9.75,822931196
28057,-16,9.0,822931196
28197,-15,9.75,822931196
28339,-16,9.0,822931197
28477,-15,9.25,822931197
28617,-15,9.25,822931197
28759,-16,9.5,822931197
28899,-15,9.25,822931197
29039,-16,9.0,822931197
29179,-15,9.5,822931197
29319,-15,9.5,822931198
29459,-16,9.25,822931198
29599,-15,9.25,822931198
29739,-15,9.0,822931198
29879,-15,9.0,822931198
30019,-16,9.0,822931198
30159,-15,9.0,822931198
30299,-15,9.25,822931199
30439,-15,9.25,822931199
30580,-15,9.5,822931199
30719,-16,9.25,822931199
30859,-16,9.25,822931199
30999,-16,9.25,822931199
31140,-15,9.25,822931199
31280,-15,9.0,822931200
31419,-16,9.5,822931200
31562,-15,9.75,822931200
31703,-15,9.5,822931200
31842,-16,9.25,822931200
31982,-16,9.75,822931200
32124,-15,9.5,822931200
32266,-15,9.75,822931201
32404,-15,9.75,822931201
32545,-15,9.25,822931201
32685,-15,9.25,822931201
32825,-15,9.5,822931201
32965,-15,9.25,822931201
33105,-15,9.25,822931201
33245,-15,9.75,822931202
33385,-16,9.75,822931202
33526,-16,9.0,822931202
33666,-24,9.25,822931202
33806,-15,9.5,822931202
33946,-15,9.25,822931202
34086,-15,9.25,822931202
34226,-15,9.25,822931203
34366,-15,8.75,822931203
34509,-15,9.0,822931203
34649,-15,9.25,822931203
34789,-16,9.25,822931203
34929,-15,9.0,822931203
35069,-15,9.5,822931203
35209,-15,9.5,822931203
35350,-15,9.0,822931204
35490,-16,8.75,822931204
35630,-16,9.25,822931204
35770,-15,9.25,822931204
35910,-15,9.5,822931204
36052,-16,9.25,822931204
36190,-15,9.5,822931204
36331,-15,9.25,822931205
36471,-15,9.5,822931205
36611,-15,9.5,822931205
36751,-15,9.0,822931205
36891,-15,9.5,822931205
37031,-15,9.5,822931205
37172,-15,9.25,822931205
37312,-15,9.5,822931206
37452,-15,9.5,822931206
37592,-15,9.0,822931206
37732,-15,9.25,822931206
37876,-15,9.5,822931206
38015,-15,8.75,822931206
38155,-15,9.5,822931206
38295,-15,9.0,822931207
38435,-15,9.75,822931207
38575,-15,9.25,822931207
38715,-15,9.5,822931207
38855,-16,9.5,822931207
38996,-15,9.5,822931207
39276,-16,9.25,822931208
39416,-15,9.5,822931208
39556,-16,9.0,822931208
39696,-15,9.25,822931208
39836,-16,9.25,822931208
39976,-15,9.75,822931208
40117,-15,9.5,822931208
40259,-16,9.25,822931209
40399,-15,9.75,822931209
40539,-16,9.5,822931209
40680,-15,9.5,822931209
40819,-15,9.5,822931209
40960,-16,9.25,822931209
41100,-15,9.25,822931209
41240,-26,9.0,822931210
41382,-15,9.0,822931210
41520,-15,9.25,822931210
41660,-16,9.0,822931210
41801,-16,9.25,822931210
41941,-15,9.25,822931210
42081,-15,9.25,822931210
42221,-15,9.5,822931211
42361,-15,9.5,822931211
42501,-15,9.25,822931211
42643,-15,9.75,822931211
42784,-15,11.5,822931211
42924,-15,9.25,822931211
43064,-15,9.25,822931211
43204,-15,9.25,822931211
43344,-15,9.25,822931212
43484,-15,9.5,822931212
43625,-15,9.75,822931212
43765,-15,9.5,822931212
43905,-15,9.0,822931212
44045,-16,9.25,822931212
44325,-22,9.0,822931213
44466,-15,9.0,822931213
44605,-15,9.5,822931213
44746,-15,9.75,822931213
44886,-15,9.75,822931213
45026,-15,9.5,822931213
45167,-16,9.75,822931213
45306,-16,9.5,822931214
45446,-15,9.5,822931214
45587,-15,9.75,822931214
45727,-15,10.0,822931214
45867,-15,9.5,822931214
46009,-15,9.75,822931214
46149,-15,10.0,822931214
46289,-15,9.25,822931215
46429,-15,10.25,822931215
46570,-15,9.75,822931215
46710,-15,9.25,822931215
46850,-16,9.25,822931215
46990,-15,9.5,822931215
47130,-16,9.25,822931215
47270,-15,9.25,822931216
47411,-16,9.25,822931216
47551,-16,9.0,822931216
47691,-16,9.75,822931216
47831,-15,9.25,822931216
48111,-17,9.25,822931216
48251,-15,9.0,822931217
48394,-15,9.25,822931217
48534,-16,9.5,822931217
48674,-16,9.25,822931217
48814,-15,9.25,822931217
48955,-16,9.5,822931217
49094,-15,9.5,822931217
49235,-15,9.25,822931218
49375,-16,9.5,822931218
49515,-16,9.5,822931218
49655,-15,9.25,822931218
49795,-15,10.0,822931218
49935,-15,9.75,822931218
50076,-15,10.0,822931218
50215,-15,10.0,822931219
50356,-15,9.5,822931219
50496,-15,9.75,822931219
50636,-15,9.25,822931219
50778,-16,9.5,822931219
50916,-15,9.25,822931219
51057,-15,10.0,822931219
51197,-26,9.0,822931219
51337,-16,9.5,822931220
51477,-15,9.0,822931220
51617,-15,9.5,822931220
51759,-16,9.5,822931220
51899,-15,9.75,822931220
52039,-16,9.25,822931220
52179,-15,9.25,822931220
52319,-16,9.25,822931221
52459,-15,9.5,822931221
52599,-15,9.75,822931221
52740,-15,9.0,822931221
52880,-15,9.5,822931221
53020,-15,9.25,822931221
53160,-15,9.25,822931221
53300,-15,9.5,822931222
53440,-15,9.75,822931222
53580,-15,9.75,822931222
53723,-15,9.25,822931222
53861,-15,9.25,822931222
54001,-15,9.5,822931222
54143,-15,9.25,822931222
54283,-15,9.0,822931223
54423,-15,9.5,822931223
54564,-15,9.75,822931223
54704,-15,9.5,822931223
54844,-15,10.0,822931223
54984,-15,9.5,822931223
55124,-16,9.25,822931223
55264,-15,9.5,822931224
55405,-16,9.75,822931224
55545,-16,9.25,822931224
55685,-16,9.5,822931224
55825,-16,9.25,822931224
55965,-15,9.5,822931224
56105,-15,9.25,822931224
56245,-16,9.25,822931225
56385,-15,9.25,822931225
56528,-15,9.0,822931225
56668,-15,9.5,822931225
56808,-16,9.5,822931225
56948,-15,9.5,822931225
57088,-15,10.0,822931225
57228,-15,9.5,822931226
57368,-15,9.5,822931226
57510,-16,9.75,822931226
57649,-16,9.75,822931226
57789,-16,9.5,822931226
57929,-16,9.5,822931226
58069,-15,10.25,822931226
58209,-15,10.25,822931226
58349,-15,10.5,822931227
58490,-15,10.0,822931227
58629,-15,10.5,822931227
58770,-15,9.5,822931227
58910,-15,9.5,822931227
59050,-15,10.0,822931227
59190,-15,9.75,822931227
59333,-15,10.0,822931228
59471,-16,9.5,822931228
59612,-15,9.25,822931228
59752,-16,9.25,822931228
59894,-16,9.0,822931228
60034,-16,9.25,822931228
60176,-16,9.0,822931228
60315,-16,9.0,822931229
60455,-16,9.25,822931229
60594,-15,9.5,822931229
60734,-16,9.75,822931229
60875,-16,9.25,822931229
61015,-16,9.25,822931229
61155,-16,9.25,822931229
61295,-16,9.25,822931230
61434,-16,9.25,822931230
61575,-16,9.0,822931230
61715,-16,9.25,822931230
61855,-16,9.0,822931230
61995,-15,9.25,822931230
62135,-15,9.5,822931230
62277,-16,9.25,822931231
62417,-16,9.25,822931231
62557,-16,9.5,822931231
62697,-16,9.25,822931231
62839,-16,9.0,822931231
62977,-16,9.0,822931231
63117,-16,9.25,822931231
63257,-16,8.75,822931232
63397,-15,9.5,822931232
63537,-16,9.0,822931232
63677,-16,8.75,822931232
63817,-15,9.5,822931232
63957,-16,9.25,822931232
64097,-16,8.75,822931232
64237,-16,9.25,822931233
64377,-16,9.25,822931233
64517,-16,9.5,822931233
64657,-16,9.0,822931233
64799,-15,9.25,822931233
64938,-16,9.5,822931233
65077,-15,9.25,822931233
65217,-16,9.25,822931234
65358,-16,9.25,822931234
65498,-15,9.5,822931234
65640,-16,9.25,822931234
65780,-15,9.25,822931234
65920,-16,9.25,822931234
66060,-16,8.5,822931234
66200,-15,9.5,822931234
66340,-15,9.25,822931235
66480,-16,9.0,822931235
66622,-16,9.75,822931235
66760,-16,9.75,822931235
66900,-16,8.75,822931235
67040,-16,9.25,822931235
67180,-16,9.25,822931235
67320,-16,9.25,822931236
67460,-16,9.0,822931236
67600,-15,9.5,822931236
67740,-15,9.5,822931236
67880,-16,9.25,822931236
68022,-15,9.25,822931236
68164,-15,9.5,822931236
68302,-16,9.25,822931237
68442,-16,9.5,822931237
68582,-16,9.0,822931237
68722,-16,9.5,822931237
68862,-16,9.25,822931237
69002,-15,9.5,822931237
69142,-16,9.5,822931237
69283,-15,9.25,822931238
69422,-15,9.0,822931238
69562,-26,9.0,822931238
69703,-15,9.0,822931238
69843,-16,9.25,822931238
69982,-16,9.0,822931238
70124,-16,9.0,822931238
70263,-16,9.5,822931239
70405,-16,9.0,822931239
70545,-15,9.25,822931239
70685,-16,9.25,822931239
70825,-16,9.75,822931239
70965,-16,8.75,822931239
71105,-16,9.5,822931239
71245,-16,9.25,822931240
71385,-16,9.0,822931240
71525,-16,9.5,822931240
71665,-16,8.75,822931240
71805,-15,9.0,822931240
71945,-15,9.25,822931240
72085,-16,9.0,822931240
72225,-15,9.25,822931241
72365,-15,9.5,822931241
72505,-16,9.0,822931241
72645,-16,9.5,822931241
72785,-16,9.25,822931241
72925,-16,9.5,822931241
73065,-16,9.5,822931241
73205,-15,9.75,822931241
73345,-15,9.25,822931242
73485,-15,9.75,822931242
73625,-15,9.75,822931242
73767,-16,9.75,822931242
73910,-16,9.5,822931242
74048,-16,9.5,822931242
74188,-15,9.75,822931242
74328,-16,9.0,822931243
74468,-16,9.75,822931243
74608,-15,9.75,822931243
74748,-15,9.75,822931243
74888,-15,9.25,822931243
75028,-16,9.5,822931243
75170,-16,9.5,822931243
75308,-16,9.5,822931244
75448,-16,9.0,822931244
75588,-16,9.25,822931244
75728,-16,9.5,822931244
75868,-16,9.0,822931244
76008,-15,9.25,822931244
76150,-15,9.75,822931244
76290,-16,9.5,822931245
76430,-16,9.25,822931245
76570,-16,9.5,822931245
76710,-16,9.25,822931245
76850,-16,9.0,822931245
76992,-16,9.5,822931245
77130,-16,9.25,822931245
77270,-16,9.25,822931246
77410,-16,4.75,822931246
77550,-16,9.25,822931246
77690,-16,9.75,822931246
77831,-15,10.0,822931246
77971,-16,10.0,822931246
78110,-16,9.25,822931246
78250,-16,9.5,822931247
78391,-16,9.25,822931247
78530,-16,9.75,822931247
78670,-16,10.0,822931247
78811,-26,10.0,822931247
78952,-15,9.25,822931247
79090,-15,9.25,822931247
79231,-15,9.25,822931248
79371,-16,9.75,822931248
79512,-16,9.5,822931248
79652,-16,9.5,822931248
79792,-16,9.5,822931248
79932,-16,9.25,822931248
80072,-16,9.25,822931248
80212,-15,9.25,822931249
80352,-15,9.25,822931249
80492,-16,9.25,822931249
80632,-15,9.75,822931249
80772,-15,10.0,822931249
80912,-16,9.75,822931249
81052,-16,9.5,822931249
81193,-16,9.5,822931249
81332,-16,9.5,822931250
81472,-16,10.0,822931250
81613,-15,9.5,822931250
81753,-26,9.0,822931250
81895,-16,9.25,822931250
82035,-15,10.0,822931250
82175,-16,9.75,822931250
82315,-16,9.25,822931251
82455,-16,10.0,822931251
82595,-16,9.5,822931251
82735,-16,9.25,822931251
82875,-16,9.5,822931251
83015,-15,10.0,822931251
83155,-16,9.75,822931251
83295,-16,9.0,822931252
83435,-16,9.0,822931252
83575,-16,9.75,822931252
83717,-16,9.5,822931252
83855,-16,9.5,822931252
83995,-16,9.25,822931252
84135,-16,9.0,822931252
84277,-16,9.25,822931253
84417,-16,9.25,822931253
84557,-16,9.5,822931253
84697,-15,9.5,822931253
84837,-16,9.5,822931253
84977,-16,9.5,822931253
85117,-16,9.75,822931253
85257,-16,10.0,822931254
85397,-16,9.25,822931254
85537,-16,9.75,822931254
85678,-16,9.25,822931254
85818,-16,9.5,822931254
85958,-15,9.25,822931254
86098,-15,9.5,822931254
86237,-15,9.75,822931255
86378,-16,9.75,822931255
86518,-16,9.25,822931255
86658,-15,10.25,822931255
86798,-15,9.25,822931255
86938,-16,9.5,822931255
87078,-16,9.75,822931255
87218,-15,9.5,822931256
87358,-15,9.5,822931256
87500,-16,9.75,822931256
87642,-16,9.5,822931256
87782,-15,10.0,822931256
87922,-15,9.5,822931256
88062,-16,10.0,822931256
88204,-16,9.5,822931256
88342,-16,9.5,822931257
88483,-26,9.75,822931257
88623,-15,9.75,822931257
88763,-15,9.5,822931257
88903,-26,9.0,822931257
89043,-16,9.25,822931257
89183,-15,9.75,822931257
89324,-16,9.5,822931258
89464,-16,9.25,822931258
89744,-16,9.5,822931258
89884,-16,9.5,822931258
90026,-16,9.25,822931258
90166,-16,9.25,822931258
90307,-16,9.0,822931259
90447,-16,8.75,822931259
90587,-16,9.5,822931259
90727,-15,9.75,822931259
90867,-16,9.5,822931259
91007,-16,9.25,822931259
91149,-16,9.25,822931259
91288,-16,9.25,822931260
91428,-16,9.25,822931260
91568,-16,9.5,822931260
91708,-16,9.5,822931260
91848,-15,10.0,822931260
91988,-15,9.75,822931260
92128,-16,9.75,822931260
92409,-19,9.25,822931261
92549,-16,9.25,822931261
92689,-16,10.0,822931261
92829,-16,9.5,822931261
92971,-15,9.5,822931261
93110,-16,9.25,822931261
93250,-16,9.75,822931262
93392,-15,9.25,822931262
93532,-16,9.5,822931262
93672,-16,9.25,822931262
93812,-16,9.25,822931262
93952,-16,9.5,822931262
94092,-16,9.5,822931262
94232,-15,9.5,822931263
94373,-16,9.5,822931263
94513,-16,9.5,822931263
94653,-16,9.75,822931263
94793,-16,9.75,822931263
94933,-16,10.0,822931263
95073,-16,10.25,822931263
95214,-15,9.5,822931264
95354,-16,9.5,822931264
95494,-16,9.5,822931264
95776,-19,9.25,822931264
95916,-26,9.5,822931264
96057,-26,9.5,822931264
96197,-15,10.5,822931264
96337,-16,9.5,822931265
96479,-16,10.0,822931265
96617,-16,9.25,822931265
96897,-19,10.0,822931265
97038,-15,10.0,822931265
97178,-15,9.5,822931265
97318,-16,9.25,822931266
97458,-16,9.5,822931266
97598,-15,9.25,822931266
97738,-16,9.5,822931266
97879,-16,9.5,822931266
98019,-16,9.25,822931266
98161,-16,9.0,822931266
98301,-16,9.25,822931267
98441,-15,9.25,822931267
98581,-16,9.25,822931267
98721,-16,9.75,822931267
98861,-16,9.25,822931267
99001,-15,9.75,822931267
99142,-15,9.75,822931267
99282,-16,9.5,822931268
99422,-16,9.25,822931268
99562,-15,9.5,822931268
99842,-19,9.75,822931268
99983,-16,9.5,822931268
100123,-15,10.25,822931268
100263,-15,10.25,822931269
100403,-15,10.0,822931269
100543,-16,10.0,822931269
100685,-16,10.0,822931269
100824,-15,9.75,822931269
100963,-16,9.75,822931269
101103,-15,9.75,822931269
101244,-15,10.25,822931270
101384,-15,10.0,822931270
101526,-15,9.75,822931270
101667,-16,9.5,822931270
101807,-16,9.5,822931270
101947,-16,9.5,822931270
102087,-16,9.25,822931270
102227,-16,8.5,822931271
102367,-16,9.25,822931271
102507,-15,9.25,822931271
102648,-15,9.5,822931271
102787,-16,9.75,822931271
102928,-16,9.5,822931271
103068,-16,9.25,822931271
103208,-16,9.25,822931271
103348,-16,9.25,822931272
103488,-16,9.25,822931272
103629,-16,9.0,822931272
103769,-16,9.75,822931272
103911,-16,9.0,822931272
104051,-16,9.0,822931272
104191,-16,9.25,822931272
104331,-15,9.5,822931273
104472,-16,9.25,822931273
104612,-16,9.5,822931273
104752,-15,9.25,822931273
104892,-16,9.0,822931273
105032,-16,9.5,822931273
105312,-19,9.5,822931274
105452,-16,9.25,822931274
105593,-15,9.5,822931274
105733,-16,9.25,822931274
105873,-16,9.5,822931274
106013,-16,9.25,822931274
106153,-16,9.75,822931274
106294,-16,9.5,822931275
106433,-16,9.0,822931275
106574,-16,9.25,822931275
106714,-26,8.75,822931275
106854,-16,9.25,822931275
106994,-16,9.25,822931275
107134,-16,9.0,822931275
107276,-16,9.0,822931276
107417,-16,9.5,822931276
107557,-16,9.25,822931276
107697,-16,9.25,822931276
107837,-16,9.25,822931276
107977,-16,9.25,822931276
108117,-16,9.25,822931276
108257,-16,9.25,822931277
108397,-15,10.0,822931277
108538,-16,9.5,822931277
108678,-16,9.25,822931277
108818,-16,9.75,822931277
108958,-16,9.25,822931277
109098,-16,9.25,822931277
109238,-16,8.5,822931278
109379,-16,9.25,822931278
109519,-16,9.25,822931278
109661,-15,9.5,822931278
109801,-15,9.25,822931278
109941,-16,9.5,822931278
110082,-16,9.25,822931278
110222,-15,9.5,822931279
110362,-16,9.0,822931279
110502,-16,9.25,822931279
110642,-16,9.5,822931279
110782,-16,9.25,822931279
110922,-16,9.5,822931279
111062,-15,9.5,822931279
111203,-16,9.25,822931279
111343,-16,9.0,822931280
111483,-16,9.5,822931280
111623,-16,9.5,822931280
111763,-15,9.25,822931280
111903,-16,9.0,822931280
112046,-16,9.25,822931280
112186,-16,9.5,822931280
112326,-16,8.75,822931281
112466,-16,9.0,822931281
112747,-19,9.5,822931281
112886,-16,9.25,822931281
113027,-16,9.5,822931281
113167,-16,9.25,822931281
113307,-16,9.0,822931282
113447,-16,9.25,822931282
113587,-16,9.25,822931282
113727,-16,9.25,822931282
113868,-15,9.25,822931282
114008,-15,9.5,822931282
114148,-16,9.5,822931282
114288,-16,9.25,822931283
114428,-16,9.5,822931283
114570,-16,9.5,822931283
114709,-16,8.75,822931283
114849,-16,9.0,822931283
114989,-15,9.0,822931283
115129,-15,9.5,822931283
115269,-16,9.75,822931284
115411,-16,9.5,822931284
115552,-16,9.25,822931284
115693,-16,9.25,822931284
115833,-16,9.25,822931284
115973,-16,9.25,822931284
116113,-15,9.5,822931284
116253,-15,9.25,822931285
116395,-16,9.25,822931285
116534,-16,9.25,822931285
116673,-16,9.25,822931285
116814,-16,9.5,822931285
116953,-16,9.5,822931285
117094,-15,9.25,822931285
117236,-15,9.0,822931286
117373,-16,9.5,822931286
117514,-15,9.5,822931286
117654,-15,9.75,822931286
117796,-15,9.5,822931286
117936,-15,9.5,822931286
118076,-16,9.5,822931286
118218,-15,9.75,822931287
118356,-15,9.5,822931287
118496,-16,9.5,822931287
118636,-16,9.25,822931287
118776,-16,9.5,822931287
118916,-15,9.5,822931287
119056,-15,9.75,822931287
119196,-15,9.75,822931287
119336,-15,9.0,822931288
119476,-15,9.5,822931288
119616,-15,9.75,822931288
119756,-16,9.0,822931288
119896,-16,9.25,822931288
120036,-17,8.5,822931288
120177,-16,9.25,822931288
120316,-15,9.5,822931289
120456,-16,9.0,822931289
120596,-16,9.0,822931289
120736,-16,9.25,822931289
120876,-16,9.25,822931289
121016,-16,9.5,822931289
121158,-15,9.5,822931289
121298,-15,9.5,822931290
121438,-15,9.75,822931290
121579,-16,9.25,822931290
121718,-15,9.5,822931290
121859,-15,9.5,822931290
121998,-15,10.25,822931290
122139,-15,9.25,822931290
122279,-15,9.25,822931291
122419,-15,9.5,822931291
122559,-16,8.75,822931291
122699,-16,9.25,822931291
122839,-16,9.25,822931291
122979,-16,9.5,822931291
123119,-15,9.25,822931291
123259,-16,9.25,822931292
123399,-16,9.0,822931292
123541,-16,9.25,822931292
123681,-16,9.25,822931292
123821,-16,9.5,822931292
123961,-16,9.5,822931292
124101,-16,9.25,822931292
124242,-17,9.0,822931293
124381,-16,9.25,822931293
124521,-16,9.0,822931293
124661,-16,9.0,822931293
124803,-15,9.5,822931293
124941,-16,9.5,822931293
125081,-16,9.25,822931293
125221,-16,9.0,822931294
125361,-15,9.25,822931294
125501,-15,9.75,822931294
125641,-15,9.25,822931294
125781,-15,9.5,822931294
125923,-15,9.5,822931294
126064,-15,9.5,822931294
126204,-15,9.5,822931294
126344,-24,9.75,822931295
126484,-15,10.0,822931295
126624,-16,9.75,822931295
126764,-15,9.5,822931295
126904,-15,9.25,822931295
127044,-15,9.25,822931295
127184,-15,9.5,822931295
127324,-16,9.25,822931296
127464,-15,9.0,822931296
127604,-15,9.0,822931296
127744,-15,9.25,822931296
127884,-15,9.5,822931296
128024,-15,9.5,822931296
128164,-16,9.25,822931296
128304,-16,9.0,822931297
128444,-16,9.25,822931297
128586,-16,9.0,822931297
128724,-15,9.25,822931297
128864,-16,9.25,822931297
129004,-16,9.25,822931297
129144,-16,9.0,822931297
129286,-16,9.25,822931298
129426,-15,9.25,822931298
129566,-15,9.25,822931298
129707,-15,9.25,822931298
129846,-15,9.0,822931298
129986,-16,9.25,822931298
130126,-15,9.25,822931298
130266,-15,9.5,822931299
130406,-15,9.5,822931299
130546,-16,9.5,822931299
130686,-15,9.25,822931299
130826,-15,9.5,822931299
130967,-15,9.25,822931299
131107,-15,9.0,822931299
131247,-16,9.5,822931300
131387,-16,9.75,822931300
131527,-15,9.5,822931300
131669,-15,9.25,822931300
131809,-15,9.75,822931300
131949,-16,9.5,822931300
132089,-15,9.75,822931300
132229,-15,9.5,822931301
132369,-15,9.5,822931301
132509,-16,9.5,822931301
132649,-16,9.5,822931301
132789,-16,9.25,822931301
132929,-15,9.25,822931301
133069,-15,9.5,822931301
133209,-15,9.5,822931301
133349,-16,9.5,822931302
133489,-16,9.75,822931302
133629,-16,9.75,822931302
133769,-16,6.75,822931302
133911,-15,9.25,822931302
134049,-16,9.25,822931302
134189,-15,9.25,822931302
134329,-15,9.0,822931303
134469,-15,9.25,822931303
134609,-16,9.5,822931303
134749,-16,9.25,822931303
134889,-15,9.25,822931303
135031,-15,9.75,822931303
135171,-15,9.5,822931303
135311,-15,9.25,822931304
135451,-16,9.75,822931304
135591,-16,9.5,822931304
135731,-15,9.5,822931304
135871,-15,9.5,822931304
136011,-16,9.75,822931304
136151,-16,10.0,822931304
136292,-16,9.75,822931305
136432,-15,9.5,822931305
136571,-16,9.25,822931305
136711,-15,9.25,822931305
136852,-15,9.25,822931305
137132,-15,9.25,822931305
137272,-15,9.5,822931306
137414,-15,9.5,822931306
137554,-15,9.25,822931306
137694,-16,9.5,822931306
137834,-16,9.25,822931306
137974,-15,9.25,822931306
138114,-16,9.25,822931306
138254,-16,9.25,822931307
138394,-16,9.75,822931307
138534,-15,9.5,822931307
138674,-15,9.25,822931307
138814,-15,9.5,822931307
138954,-16,9.25,822931307
139094,-15,9.25,822931307
139234,-16,9.5,822931308
139374,-15,9.25,822931308
139514,-16,9.25,822931308
139654,-16,9.25,822931308
139796,-16,9.5,822931308
139936,-15,9.75,822931308
140076,-15,9.25,822931308
140216,-16,9.75,822931309
140357,-16,9.75,822931309
140496,-15,9.5,822931309
140637,-15,9.75,822931309
140777,-15,9.5,822931309
140917,-15,9.75,822931309
141057,-15,9.5,822931309
141197,-15,9.5,822931309
141337,-16,9.25,822931310
141477,-15,9.5,822931310
141617,-15,9.5,822931310
141757,-15,9.75,822931310
141897,-15,9.75,822931310
142037,-15,9.75,822931310
142177,-15,9.25,822931310
142317,-15,9.25,822931311
142457,-16,9.5,822931311
142597,-16,9.5,822931311
142737,-15,10.25,822931311
142877,-15,9.75,822931311
143017,-15,9.5,822931311
143161,-16,9.25,822931311
143299,-15,9.75,822931312
143439,-15,9.5,822931312
143579,-15,9.25,822931312
143721,-15,9.5,822931312
143861,-16,9.5,822931312
144001,-15,9.25,822931312
144142,-15,9.5,822931312
144282,-15,9.75,822931313
144422,-15,9.0,822931313
144562,-16,9.5,822931313
144702,-15,9.5,822931313
144842,-15,9.25,822931313
144982,-15,9.25,822931313
145122,-15,9.75,822931313
145263,-16,9.5,822931314
145405,-16,9.25,822931314
145545,-15,9.5,822931314
145685,-15,9.25,822931314
145825,-16,9.0,822931314
145965,-16,9.25,822931314
146105,-15,9.5,822931314
146246,-15,8.75,822931315
146386,-15,9.5,822931315
146526,-16,9.25,822931315
146666,-15,9.25,822931315
146806,-16,9.25,822931315
146946,-15,9.5,822931315
147087,-16,9.5,822931315
147227,-16,9.25,822931316
147367,-16,9.25,822931316
147507,-15,9.25,822931316
147647,-15,9.25,822931316
147789,-16,9.0,822931316
147930,-15,9.0,822931316
148070,-15,9.5,822931316
148210,-16,9.0,822931316
148350,-16,9.5,822931317
148490,-15,9.25,822931317
148630,-15,9.0,822931317
148770,-15,9.25,822931317
148910,-15,9.25,822931317
149051,-15,9.25,822931317
149191,-16,9.5,822931317
149331,-16,9.5,822931318
149471,-16,9.75,822931318
149613,-15,9.25,822931318
149751,-16,9.5,822931318
149892,-16,9.25,822931318
150032,-16,9.25,822931318
150172,-15,9.75,822931318
150312,-15,9.0,822931319
150452,-15,9.5,822931319
150592,-16,9.25,822931319
150732,-15,9.5,822931319
150872,-15,9.0,822931319
151013,-16,9.0,822931319
151153,-15,9.25,822931319
151295,-16,9.25,822931320
151435,-16,9.5,822931320
151575,-16,9.25,822931320
151715,-15,9.25,822931320
151856,-15,9.25,822931320
151996,-15,9.25,822931320
152136,-16,9.25,822931320
152276,-26,9.5,822931321
152416,-16,9.75,822931321
152556,-15,9.75,822931321
152697,-16,9.5,822931321
152836,-16,8.75,822931321
152977,-15,9.0,822931321
153117,-15,9.5,822931321
153257,-15,9.25,822931322
153397,-16,9.0,822931322
153537,-15,9.5,822931322
153679,-15,9.75,822931322
153820,-16,9.0,822931322
153960,-15,9.5,822931322
154100,-15,9.25,822931322
154240,-16,9.25,822931323
154380,-16,9.25,822931323
154520,-15,9.0,822931323
154660,-15,9.25,822931323
154801,-16,9.75,822931323
154941,-16,9.5,822931323
155082,-16,9.0,822931323
155221,-16,9.25,822931324
155361,-15,9.0,822931324
155501,-16,9.5,822931324
155641,-16,9.5,822931324
155782,-16,9.75,822931324
155922,-15,9.5,822931324
156062,-15,9.5,822931324
156202,-15,9.0,822931324
156342,-15,9.5,822931325
156482,-15,9.25,822931325
156622,-16,9.25,822931325
156763,-15,9.25,822931325
156903,-16,9.25,822931325
157045,-15,9.25,822931325
157185,-16,9.25,822931325
157325,-15,10.0,822931326
157465,-15,9.0,822931326
157605,-15,9.25,822931326
157746,-15,9.5,822931326
157886,-15,9.5,822931326
158026,-15,9.75,822931326
158166,-25,9.25,822931326
158306,-15,9.25,822931327
158446,-15,9.25,822931327
158587,-16,9.25,822931327
158727,-15,9.75,822931327
158867,-15,9.5,822931327
159007,-15,9.25,822931327
159147,-15,9.5,822931327
159287,-16,9.75,822931328
159570,-15,8.75,822931328
159710,-15,9.25,822931328
159850,-15,9.25,822931328
159990,-15,9.75,822931328
160130,-15,9.5,822931328
160270,-15,9.5,822931329
160413,-15,9.25,822931329
160551,-15,9.25,822931329
160691,-16,9.25,822931329
160831,-15,9.5,822931329
160971,-15,9.75,822931329
161111,-15,9.25,822931329
161251,-15,9.25,822931330
161391,-15,9.25,822931330
161532,-15,9.5,822931330
161672,-15,9.5,822931330
161814,-15,9.25,822931330
161954,-16,9.5,822931330
162094,-15,9.25,822931330
162235,-15,9.5,822931331
162375,-26,9.0,822931331
162515,-15,9.0,822931331
162655,-15,9.5,822931331
162795,-15,9.25,822931331
162935,-15,9.5,822931331
163075,-15,9.75,822931331
163215,-15,9.75,822931332
163356,-16,9.5,822931332
163496,-15,9.25,822931332
163636,-15,9.25,822931332
163776,-15,9.5,822931332
163916,-15,9.5,822931332
164056,-15,9.5,822931332
164199,-16,9.25,822931332
164336,-15,9.75,822931333
164477,-15,9.5,822931333
164617,-15,9.25,822931333
164757,-16,9.25,822931333
164897,-15,9.5,822931333
165037,-16,9.5,822931333
165179,-15,9.75,822931333
165320,-15,9.25,822931334
165460,-15,9.5,822931334
165600,-16,9.0,822931334
165740,-15,9.25,822931334
165880,-15,9.5,822931334
166021,-15,9.75,822931334
166161,-15,10.0,822931334
166301,-16,9.25,822931335
166441,-16,9.25,822931335
166581,-16,9.25,822931335
166721,-15,9.5,822931335
166861,-26,9.0,822931335
167003,-16,9.25,822931335
167141,-15,10.0,822931335
167282,-15,10.0,822931336
167422,-15,9.25,822931336
167564,-15,9.25,822931336
167704,-16,9.0,822931336
167844,-15,9.25,822931336
167985,-16,9.5,822931336
168124,-15,9.75,822931336
168265,-15,9.75,822931337
168405,-15,9.25,822931337
168545,-15,9.25,822931337
168685,-15,9.5,822931337
168825,-15,9.25,822931337
168966,-15,9.25,822931337
169105,-15,9.5,822931337
169246,-16,9.5,822931338
169386,-16,9.5,822931338
169526,-15,9.25,822931338
169666,-15,9.0,822931338
169806,-16,9.5,822931338
169947,-15,9.25,822931338
170087,-15,9.25,822931338
170227,-15,9.5,822931339
170367,-15,9.5,822931339
170507,-16,9.25,822931339
170647,-15,9.25,822931339
170789,-16,9.25,822931339
170930,-15,9.25,822931339
171070,-15,9.25,822931339
171210,-15,9.5,822931339
171350,-15,9.75,822931340
171490,-15,10.0,822931340
171630,-15,9.5,822931340
171772,-15,9.25,822931340
171912,-15,11.5,822931340
172052,-15,9.0,822931340
172192,-15,9.5,822931340
172332,-15,10.0,822931341
172472,-16,9.25,822931341
172614,-15,9.0,822931341
172752,-14,9.5,822931341
172892,-15,9.5,822931341
173032,-15,9.25,822931341
173172,-15,9.0,822931341
173314,-15,9.75,822931342
173454,-15,9.75,822931342
173596,-15,9.5,822931342
173734,-15,9.25,822931342
173875,-15,9.5,822931342
174014,-15,9.25,822931342
174155,-15,9.5,822931342
174295,-15,9.25,822931343
174435,-15,9.5,822931343
174575,-15,10.0,822931343
174715,-16,9.0,822931343
174855,-15,9.0,822931343
174995,-15,9.25,822931343
175135,-15,9.5,822931343
175275,-15,9.0,822931344
175415,-16,8.75,822931344
175555,-15,9.5,822931344
175697,-15,10.0,822931344
175837,-15,9.25,822931344
175977,-16,8.75,822931344
176117,-15,9.0,822931344
176259,-16,9.5,822931345
176397,-16,9.25,822931345
176537,-16,9.25,822931345
176677,-16,9.25,822931345
176817,-16,9.25,822931345
176957,-15,11.0,822931345
177097,-15,9.5,822931345
177237,-15,9.25,822931346
177377,-15,9.25,822931346
177517,-15,9.0,822931346
177657,-15,9.25,822931346
177797,-15,9.25,822931346
177937,-15,9.5,822931346
178077,-15,9.5,822931346
178218,-16,9.5,822931347
178357,-15,9.5,822931347
178497,-15,9.75,822931347
178637,-15,9.25,822931347
178777,-15,9.25,822931347
178918,-15,8.75,822931347
179060,-15,9.25,822931347
179200,-15,9.5,822931347
179340,-15,9.25,822931348
179480,-15,9.25,822931348
179620,-15,9.25,822931348
179760,-14,9.5,822931348
179900,-15,9.0,822931348
180042,-15,9.5,822931348
180180,-15,9.75,822931348
180320,-16,9.5,822931349
180460,-15,9.75,822931349
180600,-16,9.5,822931349
180740,-16,9.25,822931349
180880,-15,9.0,822931349
181020,-15,8.75,822931349
181160,-15,9.25,822931349
181300,-15,9.5,822931350
181442,-15,9.25,822931350
181584,-15,9.5,822931350
181722,-15,9.0,822931350
181862,-15,9.5,822931350
182002,-15,9.25,822931350
182142,-15,9.25,822931350
182282,-15,9.0,822931351
182422,-15,9.5,822931351
182562,-15,9.25,822931351
182702,-15,9.5,822931351
182842,-15,9.75,822931351
182982,-15,9.25,822931351
183122,-16,9.0,822931351
183262,-15,9.0,822931352
183402,-15,9.5,822931352
183542,-15,9.25,822931352
183682,-15,9.5,822931352
183823,-15,9.0,822931352
183962,-15,9.75,822931352
184102,-15,11.75,822931352
184243,-15,8.75,822931353
184382,-15,9.5,822931353
184523,-15,9.0,822931353
184663,-15,9.25,822931353
184804,-15,9.75,822931353
184944,-15,9.5,822931353
185084,-15,9.5,822931353
185225,-15,9.0,822931354
185367,-15,9.25,822931354
185505,-15,9.75,822931354
185644,-16,9.25,822931354
185784,-15,9.25,822931354
185924,-15,9.25,822931354
186065,-16,9.0,822931354
186205,-16,9.5,822931354
186345,-15,9.0,822931355
186485,-15,9.0,822931355
186625,-15,9.75,822931355
186765,-15,9.25,822931355
186905,-15,9.5,822931355
187045,-16,9.75,822931355
187187,-15,9.5,822931355
187327,-16,9.25,822931356
187467,-15,9.25,822931356
187607,-16,9.5,822931356
187747,-15,9.5,822931356
187887,-16,9.25,822931356
188027,-15,9.25,822931356
188167,-15,9.5,822931356
188307,-16,9.25,822931357
188447,-15,9.5,822931357
188587,-15,9.5,822931357
188727,-15,9.25,822931357
188867,-16,9.0,822931357
189007,-15,9.5,822931357
189147,-15,9.25,822931357
189289,-16,9.5,822931358
189427,-15,9.5,822931358
189569,-15,9.25,822931358
189709,-15,9.25,822931358
189849,-16,9.0,822931358
189989,-15,9.0,822931358
190129,-15,9.5,822931358
190269,-15,9.25,822931359
190409,-15,9.5,822931359
190549,-15,8.75,822931359
190689,-16,9.25,822931359
190829,-15,9.25,822931359
190969,-15,9.75,822931359
191109,-15,9.0,822931359
191250,-16,9.5,822931360
191390,-15,9.75,822931360
191529,-15,9.5,822931360
191669,-15,9.0,822931360
191809,-15,9.5,822931360
191950,-16,9.0,822931360
192090,-15,9.0,822931360
192229,-15,9.5,822931361
192370,-15,10.0,822931361
192510,-15,9.75,822931361
192650,-16,9.75,822931361
192789,-15,9.75,822931361
192932,-15,9.0,822931361
193074,-15,9.0,822931361
193212,-15,9.25,822931361
193352,-15,9.25,822931362
193492,-16,9.25,822931362
193632,-15,9.25,822931362
193772,-15,9.75,822931362
193912,-15,9.25,822931362
194052,-16,9.25,822931362
194192,-15,9.25,822931362
194332,-15,9.75,822931363
194472,-15,9.0,822931363
194613,-16,9.25,822931363
194752,-16,9.5,822931363
194892,-26,8.75,822931363
195032,-15,9.25,822931363
195172,-15,9.5,822931363
195314,-15,9.5,822931364
195454,-15,9.75,822931364
195594,-15,9.0,822931364
195734,-15,9.25,822931364
195874,-15,9.5,822931364
196014,-15,9.75,822931364
196154,-16,9.25,822931364
196294,-16,9.5,822931365
196434,-15,9.25,822931365
196575,-15,9.5,822931365
196714,-15,9.5,822931365
196854,-16,9.25,822931365
196995,-15,10.0,822931365
197137,-16,9.5,822931365
197275,-16,9.25,822931366
197415,-15,9.75,822931366
197554,-16,9.5,822931366
197695,-16,9.5,822931366
197835,-15,9.25,822931366
197975,-15,9.25,822931366
198115,-15,9.5,822931366
198255,-16,9.5,822931367
198395,-15,9.25,822931367
198535,-15,9.0,822931367
198677,-16,9.25,822931367
198817,-15,9.5,822931367
198957,-15,9.25,822931367
199097,-16,9.0,822931367
199237,-15,9.25,822931368
199377,-15,9.5,822931368
199517,-15,9.25,822931368
199657,-15,9.75,822931368
199799,-15,9.75,822931368
199939,-16,9.75,822931368
200079,-16,9.25,822931368
200219,-15,9.75,822931369
200359,-15,9.5,822931369
200499,-16,9.25,822931369
200640,-16,9.0,822931369
200780,-15,9.25,822931369
200921,-16,9.25,822931369
201062,-15,9.5,822931369
201202,-16,9.25,822931369
201343,-16,9.25,822931370
201483,-15,9.5,822931370
201625,-16,9.75,822931370
201763,-15,9.75,822931370
201903,-15,9.0,822931370
202043,-15,9.25,822931370
202183,-15,9.5,822931370
202324,-15,9.0,822931371
202464,-26,9.0,822931371
202604,-15,10.25,822931371
202744,-15,9.0,822931371
202884,-16,8.75,822931371
203024,-16,9.25,822931371
203165,-15,9.25,822931371
203305,-16,9.25,822931372
203447,-16,9.25,822931372
203587,-15,9.5,822931372
203727,-15,9.25,822931372
203867,-15,9.5,822931372
204007,-16,9.25,822931372
204147,-15,9.0,822931372
204288,-16,9.5,822931373
204428,-16,9.25,822931373
204568,-15,9.25,822931373
204708,-15,9.5,822931373
204848,-16,9.25,822931373
204988,-15,9.25,822931373
205129,-15,9.25,822931373
205269,-26,9.0,822931374
205409,-16,9.5,822931374
205549,-16,9.25,822931374
205689,-16,8.75,822931374
205829,-15,9.0,822931374
205969,-15,9.25,822931374
206109,-15,9.25,822931374
206250,-16,9.25,822931375
206390,-15,9.5,822931375
206530,-15,9.5,822931375
206670,-15,9.0,822931375
206812,-16,9.0,822931375
206952,-16,8.75,822931375
207092,-16,9.25,822931375
207233,-15,9.25,822931376
207373,-15,9.5,822931376
207513,-15,9.5,822931376
207653,-16,9.25,822931376
207793,-15,9.25,822931376
207933,-15,9.25,822931376
208074,-16,9.0,822931376
208214,-15,9.25,822931377
208354,-16,9.0,822931377
208494,-16,9.25,822931377
208634,-16,9.25,822931377
208774,-15,9.5,822931377
208914,-16,9.25,822931377
209054,-15,9.25,822931377
209197,-15,9.25,822931377
209337,-15,9.75,822931378
209477,-15,9.5,822931378
209617,-15,9.25,822931378
209757,-16,9.25,822931378
209897,-16,9.25,822931378
210038,-16,9.25,822931378
210178,-15,9.5,822931378
210318,-16,9.25,822931379
210458,-16,9.25,822931379
210598,-15,9.5,822931379
210738,-15,9.5,822931379
211019,-16,9.25,822931379
211299,-19,9.25,822931380
211439,-15,9.25,822931380
211719,-16,9.75,822931380
211859,-16,9.0,822931380
212000,-15,9.5,822931380
212140,-15,9.5,822931380
212280,-16,9.25,822931381
212420,-26,8.75,822931381
212561,-15,9.0,822931381
212702,-15,9.5,822931381
212842,-15,9.5,822931381
212982,-15,9.25,822931381
213122,-15,9.25,822931381
213262,-15,9.25,822931382
213402,-15,9.0,822931382
213542,-15,9.5,822931382
213683,-15,9.25,822931382
213823,-15,9.25,822931382
213964,-16,9.5,822931382
214103,-16,9.25,822931382
214243,-15,9.5,822931383
214383,-16,9.25,822931383
214524,-16,9.5,822931383
214664,-15,9.5,822931383
214804,-15,9.25,822931383
214946,-15,9.5,822931383
215086,-15,9.0,822931383
215226,-15,9.25,822931384
215367,-16,9.5,822931384
215506,-26,9.0,822931384
215647,-15,9.75,822931384
215789,-16,9.5,822931384
215927,-16,9.0,822931384
216067,-16,9.5,822931384
216207,-15,9.5,822931384
216348,-15,9.75,822931385
216488,-16,9.25,822931385
216628,-15,9.5,822931385
216768,-16,9.25,822931385
216908,-16,9.25,822931385
217048,-15,10.0,822931385
217188,-15,9.5,822931385
217328,-16,9.75,822931386
217469,-16,9.25,822931386
217609,-25,9.0,822931386
217749,-15,9.0,822931386
217889,-16,9.25,822931386
218029,-15,9.75,822931386
218169,-15,9.75,822931386
218311,-16,9.25,822931387
218451,-15,9.5,822931387
218594,-16,9.25,822931387
218732,-16,9.25,822931387
218872,-15,9.75,822931387
219012,-15,10.0,822931387
219152,-15,9.25,822931387
219292,-16,9.0,822931388
219432,-15,9.5,822931388
219573,-16,9.25,822931388
219713,-16,9.0,822931388
219853,-15,9.5,822931388
219993,-15,9.5,822931388
220133,-16,9.5,822931388
220273,-15,9.75,822931389
220413,-15,9.0,822931389
220553,-15,9.0,822931389
220696,-15,9.25,822931389
220836,-16,10.5,822931389
220976,-16,9.25,822931389
221116,-16,9.25,822931389
221256,-15,9.5,822931390
221396,-26,9.0,822931390
221537,-16,9.5,822931390
221677,-15,9.75,822931390
221817,-15,9.5,822931390
221957,-15,9.25,822931390
222097,-15,9.5,822931390
222237,-15,9.25,822931391
222378,-16,9.25,822931391
222517,-15,9.25,822931391
222657,-15,9.75,822931391
222798,-15,9.5,822931391
222938,-16,9.25,822931391
223080,-15,9.25,822931391
223220,-15,9.5,822931392
223361,-15,9.25,822931392
223501,-15,9.5,822931392
223641,-15,9.25,822931392
223781,-16,9.25,822931392
223921,-16,12.0,822931392
224061,-15,9.5,822931392
224201,-16,9.25,822931392
224342,-16,9.25,822931393
224482,-15,9.25,822931393
224622,-15,9.25,822931393
224762,-15,9.25,822931393
224902,-15,9.75,822931393
225042,-15,9.5,822931393
225182,-15,9.0,822931393
225322,-16,9.0,822931394
225463,-15,9.5,822931394
225603,-15,9.0,822931394
225745,-16,9.5,822931394
225883,-16,10.75,822931394
226023,-15,9.5,822931394
226163,-15,9.5,822931394
226303,-16,9.25,822931395
226446,-16,9.75,822931395
226586,-15,9.5,822931395
226726,-16,9.25,822931395
226866,-16,9.75,822931395
227006,-25,9.0,822931395
227146,-16,9.25,822931395
227286,-15,9.5,822931396
227427,-15,9.25,822931396
227567,-15,9.5,822931396
227707,-16,9.0,822931396
227849,-25,9.0,822931396
227989,-16,9.5,822931396
228129,-15,8.75,822931396
228269,-26,9.25,822931397
228409,-15,9.5,822931397
228549,-16,9.0,822931397
228831,-18,9.0,822931397
228971,-15,9.25,822931397
229111,-16,9.0,822931397
229251,-15,9.25,822931398
229391,-15,9.0,822931398
229531,-15,9.5,822931398
229671,-15,9.5,822931398
229811,-16,9.25,822931398
229951,-15,8.75,822931398
230091,-15,9.25,822931398
230233,-15,9.25,822931399
230371,-15,9.25,822931399
230511,-15,9.25,822931399
230651,-16,9.75,822931399
230791,-15,9.5,822931399
230931,-16,9.25,822931399
231071,-16,9.25,822931399
231213,-15,9.5,822931400
231353,-15,9.25,822931400
231494,-16,9.25,822931400
231634,-15,9.25,822931400
231773,-15,9.5,822931400
231913,-15,9.75,822931400
232054,-15,9.25,822931400
232194,-15,9.25,822931400
232334,-16,9.0,822931401
232474,-15,9.25,822931401
232614,-15,9.25,822931401
232754,-16,9.0,822931401
232894,-15,9.25,822931401
233034,-15,9.5,822931401
233176,-15,11.25,822931401
233314,-15,9.25,822931402
233454,-15,9.5,822931402
233594,-15,9.25,822931402
233734,-16,11.75,822931402
233874,-15,9.25,822931402
234014,-15,9.5,822931402
234154,-15,9.5,822931402
234294,-15,9.75,822931403
234434,-15,9.0,822931403
234576,-15,9.25,822931403
234716,-15,9.25,822931403
234856,-15,9.75,822931403
234996,-16,9.25,822931403
235136,-16,9.25,822931403
235276,-15,9.5,822931404
235416,-16,9.5,822931404
235556,-16,9.25,822931404
235696,-15,9.75,822931404
235836,-15,9.25,822931404
235976,-15,8.75,822931404
236116,-16,9.5,822931404
236256,-15,9.25,822931405
236397,-16,9.0,822931405
236536,-16,9.0,822931405
236676,-15,9.75,822931405
236817,-16,9.5,822931405
236959,-15,8.75,822931405
237099,-15,9.5,822931405
237239,-15,9.25,822931406
237379,-15,9.25,822931406
237519,-15,8.75,822931406
237659,-15,9.5,822931406
237799,-15,9.5,822931406
237939,-16,8.75,822931406
238079,-15,9.5,822931406
238219,-16,9.5,822931407
238359,-15,9.0,822931407
238499,-15,9.0,822931407
238639,-15,9.5,822931407
238779,-15,9.0,822931407
238919,-16,9.25,822931407
239059,-15,9.5,822931407
239199,-15,9.25,822931407
239339,-15,9.0,822931408
239479,-16,9.25,822931408
239619,-15,9.5,822931408
239761,-15,9.25,822931408
239899,-15,9.25,822931408
240039,-15,9.25,822931408
240179,-15,9.5,822931408
240321,-15,9.25,822931409
240461,-15,9.5,822931409
240601,-15,9.5,822931409
240741,-15,9.0,822931409
240881,-15,9.25,822931409
241021,-16,9.5,822931409
241161,-16,9.25,822931409
241301,-15,9.75,822931410
241441,-15,9.25,822931410
241581,-15,9.0,822931410
241721,-15,9.5,822931410
241861,-15,10.0,822931410
242001,-15,9.0,822931410
242141,-15,9.5,822931410
242281,-15,9.5,822931411
242421,-15,11.75,822931411
242562,-15,9.5,822931411
242703,-15,9.0,822931411
242843,-15,9.75,822931411
242984,-15,10.0,822931411
243124,-15,9.25,822931411
243264,-15,9.5,822931412
243404,-15,9.5,822931412
243545,-15,9.5,822931412
243684,-15,9.0,822931412
243824,-15,9.25,822931412
243964,-15,9.5,822931412
244104,-15,9.5,822931412
244244,-16,9.25,822931413
244384,-15,9.5,822931413
244524,-15,9.5,822931413
244664,-15,9.5,822931413
244804,-16,9.25,822931413
244946,-16,9.5,822931413
245086,-15,9.5,822931413
245226,-15,9.75,822931414
245366,-15,9.75,822931414
245506,-15,9.0,822931414
245646,-15,9.75,822931414
245786,-15,9.5,822931414
245926,-15,9.25,822931414
246066,-15,9.25,822931414
246206,-16,9.25,822931414
246346,-15,11.75,822931415
246486,-15,9.25,822931415
246626,-15,9.25,822931415
246766,-15,9.5,822931415
246906,-15,11.5,822931415
247046,-15,9.5,822931415
247186,-15,9.75,822931415
247326,-15,9.75,822931416
247467,-15,9.25,822931416
247606,-15,8.75,822931416
247747,-15,9.5,822931416
247886,-15,9.5,822931416
248026,-15,9.0,822931416
248167,-15,9.5,822931416
248307,-15,9.5,822931417
248449,-15,9.75,822931417
248589,-15,9.5,822931417
248729,-16,9.25,822931417
248869,-15,9.5,822931417
249009,-15,9.5,822931417
249149,-15,9.5,822931417
249289,-15,9.5,822931418
249429,-15,9.5,822931418
249569,-15,9.75,822931418
249709,-16,9.0,822931418
249849,-15,9.25,822931418
249989,-15,10.0,822931418
250129,-15,9.5,822931418
250269,-15,9.5,822931419
250409,-15,9.0,822931419
250549,-15,9.5,822931419
250689,-15,9.75,822931419
250831,-15,9.5,822931419
250971,-15,9.75,822931419
251112,-16,9.5,822931419
251252,-15,10.25,822931420
251391,-15,9.5,822931420
251531,-15,9.5,822931420
251672,-15,9.5,822931420
251811,-15,9.5,822931420
251951,-15,9.0,822931420
252092,-15,9.25,822931420
252232,-16,9.5,822931421
252372,-15,9.5,822931421
252512,-15,9.25,822931421
252651,-15,9.5,822931421
252792,-15,9.5,822931421
252932,-15,9.75,822931421
253072,-15,9.5,822931421
253212,-15,9.0,822931421
253352,-15,9.25,822931422
253492,-15,9.5,822931422
253632,-15,9.5,822931422
253772,-15,9.25,822931422
253912,-15,9.25,822931422
254052,-15,9.5,822931422
254196,-15,9.25,822931422
254334,-15,9.5,822931423
254474,-15,9.25,822931423
254614,-15,9.0,822931423
254754,-15,9.25,822931423
254894,-15,9.75,822931423
255034,-15,10.0,822931423
255174,-15,9.25,822931423
255314,-15,9.0,822931424
255454,-15,9.75,822931424
255594,-15,10.5,822931424
255734,-15,9.5,822931424
255875,-15,9.5,822931424
256016,-16,10.25,822931424
256156,-15,9.25,822931424
256296,-16,9.0,822931425
256436,-15,9.5,822931425
256579,-15,9.25,822931425
256719,-16,9.25,822931425
256859,-15,9.25,822931425
256999,-15,9.25,822931425
257139,-16,9.5,822931425
257279,-15,9.0,822931426
257419,-16,8.75,822931426
257559,-16,9.25,822931426
257700,-16,9.0,822931426
257840,-15,9.5,822931426
257980,-16,9.75,822931426
258120,-15,9.25,822931426
258262,-15,9.0,822931427
258400,-15,9.25,822931427
258681,-19,9.5,822931427
258821,-16,9.25,822931427
258963,-15,9.0,822931427
259103,-15,9.5,822931427
259243,-15,9.0,822931428
259383,-15,9.5,822931428
259524,-16,9.25,822931428
259663,-15,9.0,822931428
259804,-15,9.75,822931428
259944,-16,9.25,822931428
260084,-16,9.0,822931428
260224,-16,9.0,822931429
260364,-16,8.75,822931429
260504,-15,9.5,822931429
260647,-15,9.5,822931429
260785,-16,9.25,822931429
260925,-16,9.25,822931429
261065,-16,9.0,822931429
261205,-15,9.25,822931429
261345,-15,9.5,822931430
261486,-16,9.25,822931430
261625,-15,9.0,822931430
261766,-16,9.0,822931430
261906,-16,9.5,822931430
262046,-15,9.5,822931430
262186,-26,8.75,822931430
262328,-16,9.5,822931431
262469,-15,9.25,822931431
262609,-15,9.25,822931431
262749,-16,9.5,822931431
262889,-15,9.5,822931431
263029,-16,9.25,822931431
263169,-16,10.0,822931431
263309,-25,9.0,822931432
263450,-15,9.25,822931432
263590,-16,9.5,822931432
263730,-15,9.0,822931432
263870,-15,9.0,822931432
264010,-16,9.25,822931432
264150,-15,10.0,822931432
264290,-16,9.25,822931433
264433,-15,8.75,822931433
264571,-16,9.25,822931433
264713,-15,10.0,822931433
264853,-15,9.25,822931433
264993,-15,9.25,822931433
265133,-15,9.5,822931433
265273,-15,9.0,822931434
265414,-16,9.0,822931434
265554,-15,9.0,822931434
265694,-16,9.25,822931434
265834,-15,9.25,822931434
265974,-26,9.0,822931434
266114,-16,9.25,822931434
266254,-15,9.0,822931435
266395,-16,8.75,822931435
266535,-16,9.25,822931435
266675,-16,9.0,822931435
266815,-15,9.25,822931435
266955,-15,9.25,822931435
267095,-16,9.25,822931435
267235,-15,9.0,822931436
267376,-15,9.0,822931436
267516,-15,9.5,822931436
267656,-24,9.5,822931436
267796,-15,9.0,822931436
267938,-16,9.25,822931436
268078,-15,9.25,822931436
268219,-15,9.25,822931437
268359,-16,8.75,822931437
268499,-16,8.75,822931437
268639,-16,9.0,822931437
268779,-15,9.25,822931437
268919,-16,9.25,822931437
269059,-15,9.5,822931437
269199,-15,11.75,822931437
269340,-16,9.25,822931438
269480,-16,9.0,822931438
269620,-15,9.0,822931438
269760,-15,9.25,822931438
269900,-15,9.75,822931438
270040,-15,9.5,822931438
270181,-15,10.25,822931438
270321,-15,9.5,822931439
270463,-26,8.5,822931439
270603,-15,9.25,822931439
270743,-15,9.5,822931439
270883,-15,9.0,822931439
271024,-15,9.0,822931439
271163,-15,9.5,822931439
271304,-15,10.5,822931440
271444,-16,9.0,822931440
271584,-15,9.5,822931440
271726,-15,9.75,822931440
271864,-15,9.5,822931440
272004,-16,9.5,822931440
272145,-16,9.75,822931440
272285,-15,9.25,822931441
272425,-16,9.25,822931441
272565,-15,9.5,822931441
272705,-15,9.5,822931441
272848,-16,9.5,822931441
272987,-16,11.5,822931441
273127,-15,9.25,822931441
273268,-15,9.5,822931442
273408,-15,9.5,822931442
273548,-16,9.5,822931442
273688,-15,9.25,822931442
273828,-15,9.5,822931442
273968,-15,10.75,822931442
274108,-15,9.5,822931442
274249,-15,9.25,822931443
274388,-15,9.25,822931443
274529,-15,9.5,822931443
274669,-15,9.5,822931443
274809,-15,9.25,822931443
274949,-15,11.75,822931443
275089,-15,9.5,822931443
275229,-15,8.75,822931444
275372,-15,9.5,822931444
275510,-15,9.5,822931444
275650,-15,9.75,822931444
275790,-15,9.25,822931444
275930,-15,9.25,822931444
276070,-15,9.25,822931444
276213,-15,9.5,822931445
276353,-16,9.25,822931445
276493,-15,9.25,822931445
276633,-15,9.25,822931445
276773,-15,9.25,822931445
276913,-15,9.5,822931445
277054,-15,9.75,822931445
277193,-15,9.5,822931445
277334,-15,9.25,822931446
277474,-15,9.25,822931446
277614,-15,9.25,822931446
277754,-15,9.75,822931446
277894,-15,9.75,822931446
278034,-15,9.25,822931446
278174,-15,9.25,822931446
278315,-15,9.5,822931447
278455,-15,9.5,822931447
278597,-15,9.25,822931447
278737,-15,9.5,822931447
278877,-15,9.5,822931447
279018,-15,9.0,822931447
279158,-16,9.25,822931447
279298,-15,9.5,822931448
279438,-16,9.25,822931448
279578,-15,9.5,822931448
279718,-15,9.75,822931448
279858,-15,9.5,822931448
279999,-15,9.5,822931448
280139,-15,9.5,822931448
280279,-15,9.5,822931449
280419,-16,9.25,822931449
280559,-16,9.25,822931449
280699,-15,9.25,822931449
280839,-15,9.5,822931449
280979,-15,9.25,822931449
281120,-15,10.0,822931449
281260,-16,9.25,822931450
281400,-15,9.25,822931450
281680,-18,9.75,822931450
281821,-16,9.5,822931450
281963,-15,9.5,822931450
282103,-15,9.25,822931450
282243,-15,9.0,822931451
282383,-15,9.25,822931451
282523,-15,9.25,822931451
282663,-16,9.75,822931451
282804,-15,9.25,822931451
282943,-15,10.0,822931451
283084,-15,11.75,822931451
283224,-16,9.5,822931452
283364,-15,9.5,822931452
283504,-15,9.25,822931452
283644,-15,9.0,822931452
283784,-16,9.25,822931452
283926,-15,9.75,822931452
284066,-15,9.0,822931452
284206,-16,9.0,822931452
284348,-15,9.25,822931453
284489,-16,9.75,822931453
284628,-15,9.5,822931453
284768,-15,9.75,822931453
284908,-15,9.25,822931453
285049,-15,9.0,822931453
285188,-16,9.25,822931453
285328,-15,9.5,822931454
285468,-15,9.5,822931454
285608,-16,9.5,822931454
285749,-16,9.5,822931454
285889,-16,9.5,822931454
286029,-16,9.5,822931454
286169,-15,9.5,822931454
286308,-15,9.75,822931455
286449,-15,9.5,822931455
286591,-16,9.25,822931455
286731,-15,9.25,822931455
286871,-15,9.5,822931455
287011,-16,9.5,822931455
287151,-15,9.75,822931455
287291,-16,9.25,822931456
287432,-16,9.5,822931456
287571,-15,9.25,822931456
287711,-15,9.5,822931456
287851,-15,9.25,822931456
287991,-16,9.0,822931456
288131,-15,9.5,822931456
288271,-16,9.5,822931457
288411,-16,9.25,822931457
288551,-15,9.25,822931457
288691,-16,9.5,822931457
288831,-16,9.25,822931457
288971,-15,9.5,822931457
289111,-15,9.25,822931457
289251,-15,9.25,822931458
289391,-15,9.0,822931458
289531,-16,9.5,822931458
289671,-15,9.25,822931458
289811,-16,9.25,822931458
289951,-15,9.75,822931458
290093,-16,9.25,822931458
290234,-15,9.25,822931459
290374,-15,9.5,822931459
290513,-25,9.25,822931459
290654,-15,9.5,822931459
290794,-16,9.5,822931459
290934,-16,9.5,822931459
291073,-15,9.5,822931459
291216,-16,9.25,822931460
291354,-16,9.25,822931460
291494,-16,9.75,822931460
291634,-16,9.5,822931460
291774,-16,9.5,822931460
291914,-15,9.5,822931460
292054,-15,9.5,822931460
292194,-16,9.5,822931460
292334,-15,9.5,822931461
292476,-15,9.0,822931461
292616,-16,9.25,822931461
292756,-16,9.5,822931461
292896,-16,9.25,822931461
293036,-16,9.25,822931461
293176,-15,9.25,822931461
293316,-15,9.5,822931462
293456,-15,9.25,822931462
293596,-16,9.25,822931462
293736,-15,9.25,822931462
293876,-16,9.25,822931462
294016,-16,9.0,822931462
294156,-16,10.25,822931462
294296,-15,9.5,822931463
294436,-16,9.25,822931463
294576,-15,9.5,822931463
294716,-15,9.5,822931463
294856,-15,9.25,822931463
294996,-16,9.5,822931463
295137,-15,9.75,822931463
295277,-16,9.25,822931464
295416,-16,9.25,822931464
295556,-15,9.5,822931464
295697,-16,9.5,822931464
295838,-15,9.25,822931464
295979,-15,9.25,822931464
296118,-15,9.25,822931464
296258,-15,9.25,822931465
296400,-16,9.5,822931465
296539,-15,9.25,822931465
296679,-15,9.5,822931465
296818,-16,9.25,822931465
296958,-15,10.0,822931465
297099,-16,9.5,822931465
297238,-16,9.5,822931466
297378,-15,9.75,822931466
297519,-15,9.25,822931466
297659,-15,9.25,822931466
297799,-15,9.75,822931466
297939,-15,9.25,822931466
298079,-26,8.5,822931466
298221,-15,9.25,822931467
298361,-15,9.25,822931467
298501,-15,10.0,822931467
298641,-15,9.5,822931467
298781,-15,8.75,822931467
298921,-15,9.5,822931467
299061,-15,9.5,822931467
299201,-16,9.5,822931467
299341,-15,9.0,822931468
299481,-16,9.75,822931468
299621,-16,9.0,822931468
299761,-15,9.25,822931468
299901,-15,9.25,822931468
300041,-16,9.5,822931468
