marker,run_id,env,seq,distance_cm,freq_mhz,sf,bw_khz,cr,tx_power_dbm,t_req_ms,t_resp_ms,rssi_network,snr_network,rssi_device,snr_device,payload_len,ok
PAIR,run01,indoor_static,2,100,922.0,7,125,4/5,14,15593,15878.0,-59.0,10.25,-54.0,9.5,36,1
PAIR,run01,indoor_static,3,100,922.0,7,125,4/5,14,16133,16418.0,-60.0,10.25,-55.0,9.5,36,1
PAIR,run01,indoor_static,4,100,922.0,7,125,4/5,14,16673,16959.0,-59.0,9.5,-55.0,9.5,36,1
PAIR,run01,indoor_static,6,100,922.0,7,125,4/5,14,17748,18033.0,-59.0,9.0,-54.0,10.0,36,1
PAIR,run01,indoor_static,7,100,922.0,7,125,4/5,14,18288,18573.0,-58.0,9.25,-54.0,10.0,36,1
PAIR,run01,indoor_static,8,100,922.0,7,125,4/5,14,18828,19113.0,-58.0,9.5,-55.0,10.5,36,1
PAIR,run01,indoor_static,9,100,922.0,7,125,4/5,14,19369,19654.0,-58.0,9.75,-55.0,9.25,36,1
PAIR,run01,indoor_static,10,100,922.0,7,125,4/5,14,19909,20200.0,-58.0,9.5,-55.0,9.5,37,1
PAIR,run01,indoor_static,11,100,922.0,7,125,4/5,14,20456,20746.0,-58.0,9.25,-55.0,9.75,37,1
PAIR,run01,indoor_static,12,100,922.0,7,125,4/5,14,21001,21291.0,-58.0,9.5,-55.0,9.5,37,1
PAIR,run01,indoor_static,13,100,922.0,7,125,4/5,14,21546,21836.0,-58.0,9.5,-56.0,9.0,37,1
PAIR,run01,indoor_static,14,100,922.0,7,125,4/5,14,22091,22382.0,-58.0,7.25,-55.0,9.75,37,1
PAIR,run01,indoor_static,15,100,922.0,7,125,4/5,14,22637,22927.0,-58.0,9.5,-55.0,9.5,37,1
PAIR,run01,indoor_static,16,100,922.0,7,125,4/5,14,23182,23472.0,-58.0,10.0,-55.0,9.75,37,1
PAIR,run01,indoor_static,17,100,922.0,7,125,4/5,14,23727,24018.0,-58.0,9.75,-54.0,9.25,37,1
PAIR,run01,indoor_static,18,100,922.0,7,125,4/5,14,24273,24563.0,-58.0,9.5,-54.0,9.75,37,1
PAIR,run01,indoor_static,19,100,922.0,7,125,4/5,14,24820,25110.0,-58.0,10.0,-54.0,9.75,37,1
PAIR,run01,indoor_static,20,100,922.0,7,125,4/5,14,25365,25655.0,-58.0,10.0,-55.0,9.5,37,1
PAIR,run01,indoor_static,21,100,922.0,7,125,4/5,14,25910,26200.0,-58.0,9.5,-55.0,9.5,37,1
PAIR,run01,indoor_static,22,100,922.0,7,125,4/5,14,26456,26746.0,-58.0,9.5,-54.0,9.5,37,1
PAIR,run01,indoor_static,23,100,922.0,7,125,4/5,14,27001,27291.0,-58.0,9.75,-54.0,9.75,37,1
PAIR,run01,indoor_static,24,100,922.0,7,125,4/5,14,27546,27836.0,-58.0,9.5,-54.0,9.75,37,1
PAIR,run01,indoor_static,25,100,922.0,7,125,4/5,14,28091,28382.0,-57.0,9.5,-55.0,10.0,37,1
PAIR,run01,indoor_static,26,100,922.0,7,125,4/5,14,28637,28927.0,-58.0,9.75,-55.0,9.0,37,1
PAIR,run01,indoor_static,27,100,922.0,7,125,4/5,14,29183,29479.0,-58.0,12.75,-54.0,9.5,37,1
PAIR,run01,indoor_static,28,100,922.0,7,125,4/5,14,29735,30025.0,-59.0,9.25,-55.0,9.75,37,1
PAIR,run01,indoor_static,29,100,922.0,7,125,4/5,14,30280,30570.0,-60.0,9.25,-55.0,9.75,37,1
PAIR,run01,indoor_static,30,100,922.0,7,125,4/5,14,30825,31115.0,-59.0,9.75,-55.0,9.75,37,1
PAIR,run01,indoor_static,31,100,922.0,7,125,4/5,14,31370,31661.0,-60.0,9.25,-55.0,9.75,37,1
PAIR,run01,indoor_static,32,100,922.0,7,125,4/5,14,31916,32206.0,-59.0,9.25,-56.0,9.5,37,1
PAIR,run01,indoor_static,34,100,922.0,7,125,4/5,14,34805,35095.0,-59.0,9.75,-57.0,9.75,37,1
PAIR,run01,indoor_static,35,100,922.0,7,125,4/5,14,35350,35640.0,-59.0,9.25,-55.0,9.5,37,1
PAIR,run01,indoor_static,36,100,922.0,7,125,4/5,14,35896,36186.0,-59.0,9.25,-55.0,9.75,37,1
PAIR,run01,indoor_static,37,100,922.0,7,125,4/5,14,36441,36731.0,-59.0,9.0,-55.0,9.5,37,1
PAIR,run01,indoor_static,38,100,922.0,7,125,4/5,14,36986,37277.0,-59.0,9.25,-56.0,9.25,37,1
PAIR,run01,indoor_static,39,100,922.0,7,125,4/5,14,37532,37824.0,-59.0,9.5,-55.0,9.5,37,1
PAIR,run01,indoor_static,40,100,922.0,7,125,4/5,14,38079,38369.0,-59.0,9.25,-56.0,9.75,37,1
PAIR,run01,indoor_static,42,100,922.0,7,125,4/5,14,40968,41258.0,-60.0,9.0,-55.0,9.75,37,1
PAIR,run01,indoor_static,43,100,922.0,7,125,4/5,14,41515,41805.0,-59.0,9.25,-55.0,9.75,37,1
PAIR,run01,indoor_static,46,100,922.0,7,125,4/5,14,44949,45242.0,-59.0,9.25,-55.0,9.75,37,1
PAIR,run01,indoor_static,47,100,922.0,7,125,4/5,14,45497,45787.0,-59.0,9.25,-54.0,9.5,37,1
PAIR,run01,indoor_static,48,100,922.0,7,125,4/5,14,46042,46333.0,-59.0,9.5,-55.0,10.0,37,1
PAIR,run01,indoor_static,49,100,922.0,7,125,4/5,14,46588,46878.0,-59.0,9.25,-55.0,9.5,37,1
PAIR,run01,indoor_static,50,100,922.0,7,125,4/5,14,47133,47423.0,-59.0,9.0,-55.0,9.75,37,1
PAIR,run01,indoor_static,51,100,922.0,7,125,4/5,14,47678,47968.0,-59.0,9.5,-55.0,9.25,37,1
PAIR,run01,indoor_static,52,100,922.0,7,125,4/5,14,48224,48514.0,-59.0,9.5,-56.0,9.5,37,1
PAIR,run01,indoor_static,53,100,922.0,7,125,4/5,14,48769,49059.0,-59.0,9.0,-55.0,9.5,37,1
PAIR,run01,indoor_static,54,100,922.0,7,125,4/5,14,49314,49605.0,-59.0,9.0,-55.0,9.75,37,1
PAIR,run01,indoor_static,55,100,922.0,7,125,4/5,14,49861,50151.0,-59.0,9.25,-55.0,9.75,37,1
PAIR,run01,indoor_static,56,100,922.0,7,125,4/5,14,50407,50697.0,-59.0,9.25,-55.0,9.5,37,1
PAIR,run01,indoor_static,57,100,922.0,7,125,4/5,14,50952,51242.0,-59.0,9.5,-55.0,9.5,37,1
PAIR,run01,indoor_static,58,100,922.0,7,125,4/5,14,51497,51787.0,-59.0,9.25,-54.0,9.5,37,1
PAIR,run01,indoor_static,59,100,922.0,7,125,4/5,14,52043,52333.0,-59.0,9.25,-56.0,9.5,37,1
PAIR,run01,indoor_static,60,100,922.0,7,125,4/5,14,52588,52878.0,-59.0,9.25,-56.0,9.5,37,1
PAIR,run01,indoor_static,61,100,922.0,7,125,4/5,14,53133,53423.0,-59.0,9.25,-55.0,9.5,37,1
PAIR,run01,indoor_static,62,100,922.0,7,125,4/5,14,53679,53969.0,-59.0,9.25,-56.0,9.0,37,1
PAIR,run01,indoor_static,63,100,922.0,7,125,4/5,14,54224,54516.0,-59.0,9.75,-55.0,10.0,37,1
PAIR,run01,indoor_static,64,100,922.0,7,125,4/5,14,54771,55061.0,-59.0,9.0,-55.0,10.25,37,1
PAIR,run01,indoor_static,65,100,922.0,7,125,4/5,14,55316,55606.0,-59.0,9.25,-54.0,9.75,37,1
PAIR,run01,indoor_static,66,100,922.0,7,125,4/5,14,55861,56152.0,-61.0,9.5,-57.0,10.0,37,1
PAIR,run01,indoor_static,67,100,922.0,7,125,4/5,14,56407,56697.0,-62.0,9.5,-57.0,10.5,37,1
PAIR,run01,indoor_static,68,100,922.0,7,125,4/5,14,56952,57242.0,-62.0,9.75,-58.0,9.75,37,1
PAIR,run01,indoor_static,69,100,922.0,7,125,4/5,14,57497,57788.0,-61.0,9.5,-56.0,9.5,37,1
PAIR,run01,indoor_static,70,100,922.0,7,125,4/5,14,58043,58333.0,-60.0,9.5,-58.0,10.0,37,1
PAIR,run01,indoor_static,71,100,922.0,7,125,4/5,14,58589,58879.0,-59.0,9.25,-56.0,9.25,37,1
PAIR,run01,indoor_static,72,100,922.0,7,125,4/5,14,59134,59424.0,-59.0,9.25,-56.0,9.25,37,1
PAIR,run01,indoor_static,73,100,922.0,7,125,4/5,14,59679,59969.0,-59.0,9.5,-57.0,9.5,37,1
PAIR,run01,indoor_static,76,100,922.0,7,125,4/5,14,63107,63397.0,-59.0,9.25,-57.0,10.25,37,1
PAIR,run01,indoor_static,77,100,922.0,7,125,4/5,14,63652,63942.0,-57.0,9.75,-56.0,9.5,37,1
PAIR,run01,indoor_static,78,100,922.0,7,125,4/5,14,64197,64488.0,-58.0,9.25,-55.0,9.25,37,1
PAIR,run01,indoor_static,79,100,922.0,7,125,4/5,14,64743,65033.0,-59.0,9.5,-55.0,10.0,37,1
PAIR,run01,indoor_static,80,100,922.0,7,125,4/5,14,65288,65578.0,-58.0,9.25,-55.0,9.5,37,1
PAIR,run01,indoor_static,81,100,922.0,7,125,4/5,14,65833,66123.0,-59.0,9.75,-55.0,9.25,37,1
PAIR,run01,indoor_static,82,100,922.0,7,125,4/5,14,66378,66669.0,-58.0,9.75,-56.0,9.5,37,1
PAIR,run01,indoor_static,83,100,922.0,7,125,4/5,14,66924,67214.0,-58.0,9.5,-55.0,9.75,37,1
PAIR,run01,indoor_static,84,100,922.0,7,125,4/5,14,67471,67761.0,-59.0,9.25,-55.0,9.75,37,1
PAIR,run01,indoor_static,85,100,922.0,7,125,4/5,14,68016,68306.0,-59.0,9.25,-57.0,9.25,37,1
PAIR,run01,indoor_static,86,100,922.0,7,125,4/5,14,68562,68852.0,-60.0,9.5,-56.0,9.75,37,1
PAIR,run01,indoor_static,87,100,922.0,7,125,4/5,14,69107,69397.0,-60.0,9.5,-61.0,9.75,37,1
PAIR,run01,indoor_static,88,100,922.0,7,125,4/5,14,69652,69942.0,-59.0,9.75,-62.0,9.75,37,1
PAIR,run01,indoor_static,89,100,922.0,7,125,4/5,14,70197,70488.0,-62.0,9.5,-59.0,9.25,37,1
PAIR,run01,indoor_static,90,100,922.0,7,125,4/5,14,70743,71033.0,-63.0,9.5,-59.0,10.0,37,1
PAIR,run01,indoor_static,91,100,922.0,7,125,4/5,14,71288,71578.0,-63.0,9.5,-59.0,9.75,37,1
PAIR,run01,indoor_static,92,100,922.0,7,125,4/5,14,71834,72125.0,-63.0,10.0,-61.0,9.5,37,1
PAIR,run01,indoor_static,93,100,922.0,7,125,4/5,14,72380,72671.0,-61.0,9.25,-58.0,9.5,37,1
PAIR,run01,indoor_static,94,100,922.0,7,125,4/5,14,72926,73216.0,-59.0,9.25,-56.0,9.75,37,1
PAIR,run01,indoor_static,95,100,922.0,7,125,4/5,14,73471,73761.0,-59.0,9.5,-57.0,9.75,37,1
PAIR,run01,indoor_static,96,100,922.0,7,125,4/5,14,74016,74307.0,-61.0,10.0,-58.0,9.25,37,1
PAIR,run01,indoor_static,97,100,922.0,7,125,4/5,14,74562,74852.0,-62.0,9.75,-60.0,9.5,37,1
PAIR,run01,indoor_static,98,100,922.0,7,125,4/5,14,75107,75397.0,-62.0,9.5,-57.0,9.5,37,1
PAIR,run01,indoor_static,99,100,922.0,7,125,4/5,14,75652,75943.0,-60.0,9.75,-58.0,10.0,37,1
PAIR,run01,indoor_static,100,100,922.0,7,125,4/5,14,76198,76494.0,-60.0,9.75,-57.0,10.0,38,1
PAIR,run01,indoor_static,101,100,922.0,7,125,4/5,14,76749,77039.0,-60.0,9.5,-57.0,9.75,38,1
PAIR,run01,indoor_static,102,100,922.0,7,125,4/5,14,77294,77584.0,-60.0,9.5,-57.0,9.75,38,1
PAIR,run01,indoor_static,103,100,922.0,7,125,4/5,14,77839,78135.0,-59.0,9.25,-57.0,10.5,38,1
PAIR,run01,indoor_static,104,100,922.0,7,125,4/5,14,78390,78686.0,-60.0,9.75,-57.0,9.5,38,1
PAIR,run01,indoor_static,105,100,922.0,7,125,4/5,14,78941,79231.0,-57.0,9.5,-55.0,9.5,38,1
PAIR,run01,indoor_static,106,100,922.0,7,125,4/5,14,79486,79782.0,-55.0,9.75,-53.0,9.5,38,1
PAIR,run01,indoor_static,107,100,922.0,7,125,4/5,14,80037,80327.0,-55.0,9.5,-54.0,9.25,38,1
PAIR,run01,indoor_static,108,100,922.0,7,125,4/5,14,80583,80874.0,-56.0,9.5,-55.0,9.75,38,1
PAIR,run01,indoor_static,109,100,922.0,7,125,4/5,14,81129,81425.0,-59.0,9.25,-56.0,9.25,38,1
PAIR,run01,indoor_static,110,100,922.0,7,125,4/5,14,81680,81975.0,-57.0,10.5,-54.0,10.0,38,1
PAIR,run01,indoor_static,112,100,922.0,7,125,4/5,14,82775,83065.0,-57.0,9.5,-55.0,9.5,38,1
PAIR,run01,indoor_static,113,100,922.0,7,125,4/5,14,83320,83615.0,-57.0,10.0,-54.0,9.5,38,1
PAIR,run01,indoor_static,114,100,922.0,7,125,4/5,14,83871,84166.0,-57.0,9.75,-54.0,9.5,38,1
PAIR,run01,indoor_static,115,100,922.0,7,125,4/5,14,84422,84718.0,-57.0,10.5,-54.0,9.5,38,1
PAIR,run01,indoor_static,116,100,922.0,7,125,4/5,14,84974,85269.0,-58.0,9.25,-54.0,9.75,38,1
PAIR,run01,indoor_static,117,100,922.0,7,125,4/5,14,85524,85820.0,-57.0,9.25,-54.0,9.75,38,1
PAIR,run01,indoor_static,118,100,922.0,7,125,4/5,14,86075,86370.0,-57.0,9.75,-54.0,9.75,38,1
PAIR,run01,indoor_static,119,100,922.0,7,125,4/5,14,86626,86916.0,-57.0,9.5,-54.0,9.75,38,1
PAIR,run01,indoor_static,120,100,922.0,7,125,4/5,14,87171,87461.0,-57.0,9.5,-55.0,9.5,38,1
PAIR,run01,indoor_static,121,100,922.0,7,125,4/5,14,87716,88006.0,-57.0,9.5,-55.0,9.5,38,1
PAIR,run01,indoor_static,122,100,922.0,7,125,4/5,14,88262,88557.0,-57.0,10.0,-54.0,9.75,38,1
PAIR,run01,indoor_static,123,100,922.0,7,125,4/5,14,88813,89108.0,-56.0,10.0,-54.0,9.75,38,1
PAIR,run01,indoor_static,124,100,922.0,7,125,4/5,14,89363,89659.0,-57.0,10.0,-55.0,9.75,38,1
PAIR,run01,indoor_static,125,100,922.0,7,125,4/5,14,89914,90210.0,-57.0,10.0,-54.0,9.75,38,1
PAIR,run01,indoor_static,126,100,922.0,7,125,4/5,14,90465,90762.0,-57.0,10.0,-55.0,9.75,38,1
PAIR,run01,indoor_static,127,100,922.0,7,125,4/5,14,91017,91314.0,-56.0,9.75,-55.0,9.0,38,1
PAIR,run01,indoor_static,128,100,922.0,7,125,4/5,14,91569,91864.0,-57.0,9.5,-55.0,9.75,38,1
PAIR,run01,indoor_static,129,100,922.0,7,125,4/5,14,92120,92415.0,-57.0,9.5,-54.0,10.0,38,1
PAIR,run01,indoor_static,130,100,922.0,7,125,4/5,14,92670,92966.0,-57.0,9.75,-54.0,9.75,38,1
PAIR,run01,indoor_static,131,100,922.0,7,125,4/5,14,93221,93516.0,-57.0,10.0,-56.0,9.75,38,1
PAIR,run01,indoor_static,132,100,922.0,7,125,4/5,14,93771,94067.0,-57.0,10.0,-54.0,10.25,38,1
PAIR,run01,indoor_static,133,100,922.0,7,125,4/5,14,94322,94618.0,-57.0,9.75,-55.0,9.75,38,1
PAIR,run01,indoor_static,134,100,922.0,7,125,4/5,14,94873,95168.0,-56.0,9.5,-54.0,9.75,38,1
PAIR,run01,indoor_static,135,100,922.0,7,125,4/5,14,95423,95719.0,-57.0,9.25,-55.0,9.5,38,1
PAIR,run01,indoor_static,136,100,922.0,7,125,4/5,14,95974,96270.0,-57.0,10.0,-55.0,9.75,38,1
PAIR,run01,indoor_static,137,100,922.0,7,125,4/5,14,96525,96820.0,-57.0,9.5,-54.0,9.5,38,1
PAIR,run01,indoor_static,138,100,922.0,7,125,4/5,14,97076,97371.0,-56.0,10.0,-55.0,9.25,38,1
PAIR,run01,indoor_static,139,100,922.0,7,125,4/5,14,97626,97922.0,-56.0,9.75,-54.0,9.75,38,1
PAIR,run01,indoor_static,140,100,922.0,7,125,4/5,14,98177,98472.0,-56.0,9.25,-54.0,9.5,38,1
PAIR,run01,indoor_static,141,100,922.0,7,125,4/5,14,98728,99023.0,-56.0,10.0,-54.0,10.25,38,1
PAIR,run01,indoor_static,142,100,922.0,7,125,4/5,14,99278,99574.0,-56.0,9.75,-55.0,9.75,38,1
PAIR,run01,indoor_static,143,100,922.0,7,125,4/5,14,99829,100124.0,-56.0,9.75,-55.0,10.0,38,1
PAIR,run01,indoor_static,144,100,922.0,7,125,4/5,14,100380,100677.0,-56.0,9.5,-54.0,10.25,39,1
PAIR,run01,indoor_static,145,100,922.0,7,125,4/5,14,100932,101227.0,-56.0,9.75,-55.0,9.25,39,1
PAIR,run01,indoor_static,146,100,922.0,7,125,4/5,14,101482,101778.0,-56.0,9.75,-55.0,9.5,39,1
PAIR,run01,indoor_static,147,100,922.0,7,125,4/5,14,102033,102329.0,-56.0,10.0,-55.0,9.75,39,1
PAIR,run01,indoor_static,148,100,922.0,7,125,4/5,14,102584,102879.0,-56.0,10.25,-55.0,9.5,39,1
PAIR,run01,indoor_static,149,100,922.0,7,125,4/5,14,103134,103430.0,-56.0,9.5,-54.0,9.75,39,1
PAIR,run01,indoor_static,150,100,922.0,7,125,4/5,14,103685,103981.0,-56.0,10.25,-55.0,9.5,39,1
PAIR,run01,indoor_static,151,100,922.0,7,125,4/5,14,104236,104533.0,-56.0,9.25,-54.0,10.25,39,1
PAIR,run01,indoor_static,152,100,922.0,7,125,4/5,14,104788,105085.0,-57.0,9.25,-55.0,10.0,39,1
PAIR,run01,indoor_static,153,100,922.0,7,125,4/5,14,105340,105635.0,-56.0,9.75,-55.0,9.75,39,1
PAIR,run01,indoor_static,154,100,922.0,7,125,4/5,14,105890,106186.0,-56.0,9.75,-54.0,9.75,39,1
PAIR,run01,indoor_static,155,100,922.0,7,125,4/5,14,106441,106736.0,-56.0,9.75,-55.0,9.75,39,1
PAIR,run01,indoor_static,156,100,922.0,7,125,4/5,14,106991,107286.0,-56.0,10.0,-54.0,8.0,39,1
PAIR,run01,indoor_static,157,100,922.0,7,125,4/5,14,107542,107837.0,-56.0,10.0,-55.0,9.5,39,1
PAIR,run01,indoor_static,158,100,922.0,7,125,4/5,14,108093,108388.0,-56.0,9.75,-55.0,9.75,39,1
PAIR,run01,indoor_static,159,100,922.0,7,125,4/5,14,108645,108940.0,-57.0,9.75,-55.0,9.75,39,1
PAIR,run01,indoor_static,160,100,922.0,7,125,4/5,14,109195,109491.0,-57.0,9.75,-55.0,10.0,39,1
PAIR,run01,indoor_static,161,100,922.0,7,125,4/5,14,109746,110042.0,-57.0,10.0,-56.0,10.0,39,1
PAIR,run01,indoor_static,162,100,922.0,7,125,4/5,14,110297,110592.0,-57.0,9.5,-55.0,9.75,39,1
PAIR,run01,indoor_static,163,100,922.0,7,125,4/5,14,110847,111143.0,-57.0,9.5,-55.0,9.75,39,1
PAIR,run01,indoor_static,164,100,922.0,7,125,4/5,14,111398,111694.0,-58.0,9.5,-56.0,10.0,39,1
PAIR,run01,indoor_static,165,100,922.0,7,125,4/5,14,111949,112245.0,-59.0,9.5,-56.0,10.0,39,1
PAIR,run01,indoor_static,166,100,922.0,7,125,4/5,14,112501,112797.0,-59.0,9.5,-56.0,9.75,39,1
PAIR,run01,indoor_static,167,100,922.0,7,125,4/5,14,113052,113347.0,-59.0,9.5,-56.0,10.0,39,1
PAIR,run01,indoor_static,168,100,922.0,7,125,4/5,14,113603,113898.0,-59.0,9.0,-56.0,9.5,39,1
PAIR,run01,indoor_static,169,100,922.0,7,125,4/5,14,114153,114449.0,-59.0,9.5,-56.0,9.75,39,1
PAIR,run01,indoor_static,170,100,922.0,7,125,4/5,14,114704,114999.0,-59.0,9.25,-56.0,9.5,39,1
PAIR,run01,indoor_static,171,100,922.0,7,125,4/5,14,115255,115550.0,-59.0,9.0,-56.0,9.75,39,1
PAIR,run01,indoor_static,172,100,922.0,7,125,4/5,14,115806,116101.0,-58.0,9.75,-55.0,9.75,39,1
PAIR,run01,indoor_static,173,100,922.0,7,125,4/5,14,116356,116653.0,-57.0,9.75,-55.0,10.0,39,1
PAIR,run01,indoor_static,174,100,922.0,7,125,4/5,14,116908,117204.0,-58.0,9.25,-55.0,9.75,39,1
PAIR,run01,indoor_static,175,100,922.0,7,125,4/5,14,117459,117755.0,-57.0,9.5,-55.0,10.25,39,1
PAIR,run01,indoor_static,176,100,922.0,7,125,4/5,14,118010,118305.0,-57.0,10.0,-55.0,9.75,39,1
PAIR,run01,indoor_static,177,100,922.0,7,125,4/5,14,118560,118858.0,-57.0,9.5,-55.0,9.5,39,1
PAIR,run01,indoor_static,178,100,922.0,7,125,4/5,14,119113,119409.0,-57.0,9.5,-55.0,9.5,39,1
PAIR,run01,indoor_static,179,100,922.0,7,125,4/5,14,119664,119959.0,-57.0,9.5,-55.0,9.5,39,1
PAIR,run01,indoor_static,180,100,922.0,7,125,4/5,14,120214,120511.0,-57.0,9.75,-55.0,9.75,39,1
PAIR,run01,indoor_static,181,100,922.0,7,125,4/5,14,120766,121062.0,-57.0,9.25,-55.0,9.75,39,1
PAIR,run01,indoor_static,182,100,922.0,7,125,4/5,14,121317,121613.0,-57.0,9.75,-55.0,10.0,39,1
PAIR,run01,indoor_static,183,100,922.0,7,125,4/5,14,121868,122163.0,-57.0,10.0,-54.0,10.0,39,1
PAIR,run01,indoor_static,184,100,922.0,7,125,4/5,14,122418,122714.0,-57.0,9.5,-55.0,9.75,39,1
PAIR,run01,indoor_static,185,100,922.0,7,125,4/5,14,122969,123265.0,-57.0,10.25,-54.0,9.25,39,1
PAIR,run01,indoor_static,186,100,922.0,7,125,4/5,14,123520,123815.0,-57.0,9.75,-55.0,9.5,39,1
PAIR,run01,indoor_static,187,100,922.0,7,125,4/5,14,124071,124366.0,-57.0,9.75,-56.0,10.0,39,1
PAIR,run01,indoor_static,188,100,922.0,7,125,4/5,14,124621,124917.0,-57.0,10.0,-56.0,9.75,39,1
PAIR,run01,indoor_static,189,100,922.0,7,125,4/5,14,125172,125468.0,-58.0,9.5,-55.0,10.0,39,1
PAIR,run01,indoor_static,190,100,922.0,7,125,4/5,14,125723,126018.0,-57.0,9.5,-54.0,10.0,39,1
PAIR,run01,indoor_static,191,100,922.0,7,125,4/5,14,126274,126569.0,-57.0,10.0,-55.0,9.5,39,1
PAIR,run01,indoor_static,192,100,922.0,7,125,4/5,14,126824,127120.0,-58.0,9.75,-54.0,10.0,39,1
PAIR,run01,indoor_static,193,100,922.0,7,125,4/5,14,127375,127671.0,-57.0,9.5,-55.0,9.75,39,1
PAIR,run01,indoor_static,194,100,922.0,7,125,4/5,14,127926,128222.0,-57.0,9.75,-55.0,9.75,39,1
PAIR,run01,indoor_static,195,100,922.0,7,125,4/5,14,128477,128772.0,-57.0,9.75,-54.0,9.75,39,1
PAIR,run01,indoor_static,196,100,922.0,7,125,4/5,14,129027,129323.0,-57.0,10.0,-55.0,9.75,39,1
PAIR,run01,indoor_static,197,100,922.0,7,125,4/5,14,129578,129874.0,-57.0,9.5,-55.0,9.75,39,1
PAIR,run01,indoor_static,198,100,922.0,7,125,4/5,14,130129,130424.0,-57.0,9.75,-55.0,9.5,39,1
PAIR,run01,indoor_static,199,100,922.0,7,125,4/5,14,130679,130975.0,-57.0,10.25,-55.0,9.5,39,1
PAIR,run01,indoor_static,200,100,922.0,7,125,4/5,14,131230,131526.0,-57.0,9.5,-54.0,9.75,39,1
PAIR,run01,indoor_static,201,100,922.0,7,125,4/5,14,131781,132077.0,-57.0,9.75,-55.0,9.5,39,1
PAIR,run01,indoor_static,202,100,922.0,7,125,4/5,14,132332,132627.0,-57.0,9.25,-54.0,9.5,39,1
PAIR,run01,indoor_static,203,100,922.0,7,125,4/5,14,132882,133179.0,-57.0,9.5,-55.0,9.75,39,1
PAIR,run01,indoor_static,204,100,922.0,7,125,4/5,14,133434,133730.0,-57.0,9.75,-54.0,9.5,39,1
PAIR,run01,indoor_static,205,100,922.0,7,125,4/5,14,133985,134280.0,-57.0,10.0,-55.0,10.0,39,1
PAIR,run01,indoor_static,206,100,922.0,7,125,4/5,14,134535,134830.0,-57.0,9.5,-54.0,10.0,39,1
PAIR,run01,indoor_static,207,100,922.0,7,125,4/5,14,135086,135380.0,-58.0,10.25,-55.0,9.5,39,1
PAIR,run01,indoor_static,208,100,922.0,7,125,4/5,14,135636,135932.0,-57.0,9.5,-55.0,9.75,39,1
PAIR,run01,indoor_static,209,100,922.0,7,125,4/5,14,136187,136482.0,-58.0,9.5,-55.0,9.5,39,1
PAIR,run01,indoor_static,210,100,922.0,7,125,4/5,14,136737,137033.0,-57.0,9.5,-55.0,9.5,39,1
PAIR,run01,indoor_static,211,100,922.0,7,125,4/5,14,137288,137583.0,-58.0,9.75,-55.0,9.75,39,1
PAIR,run01,indoor_static,212,100,922.0,7,125,4/5,14,137839,138134.0,-57.0,9.75,-56.0,9.75,39,1
PAIR,run01,indoor_static,213,100,922.0,7,125,4/5,14,138389,138685.0,-57.0,10.0,-55.0,10.0,39,1
PAIR,run01,indoor_static,214,100,922.0,7,125,4/5,14,138940,139235.0,-57.0,9.75,-55.0,10.0,39,1
PAIR,run01,indoor_static,215,100,922.0,7,125,4/5,14,139491,139788.0,-57.0,9.5,-54.0,10.0,39,1
PAIR,run01,indoor_static,216,100,922.0,7,125,4/5,14,140043,140338.0,-57.0,9.75,-55.0,9.75,39,1
PAIR,run01,indoor_static,217,100,922.0,7,125,4/5,14,140594,140889.0,-57.0,9.25,-56.0,9.75,39,1
PAIR,run01,indoor_static,218,100,922.0,7,125,4/5,14,141144,141440.0,-60.0,9.25,-58.0,9.75,39,1
PAIR,run01,indoor_static,219,100,922.0,7,125,4/5,14,141695,141990.0,-58.0,9.25,-57.0,10.0,39,1
PAIR,run01,indoor_static,220,100,922.0,7,125,4/5,14,142246,142541.0,-58.0,9.5,-57.0,10.0,39,1
PAIR,run01,indoor_static,221,100,922.0,7,125,4/5,14,142796,143092.0,-58.0,9.5,-56.0,10.0,39,1
PAIR,run01,indoor_static,222,100,922.0,7,125,4/5,14,143347,143643.0,-58.0,8.75,-58.0,9.75,39,1
PAIR,run01,indoor_static,223,100,922.0,7,125,4/5,14,143899,144195.0,-58.0,9.75,-58.0,10.0,39,1
PAIR,run01,indoor_static,224,100,922.0,7,125,4/5,14,144450,144746.0,-59.0,9.25,-54.0,9.5,39,1
PAIR,run01,indoor_static,225,100,922.0,7,125,4/5,14,145001,145296.0,-56.0,9.25,-60.0,10.25,39,1
PAIR,run01,indoor_static,226,100,922.0,7,125,4/5,14,145551,145847.0,-60.0,9.5,-64.0,9.5,39,1
PAIR,run01,indoor_static,227,100,922.0,7,125,4/5,14,146102,146398.0,-59.0,11.0,-58.0,9.5,39,1
PAIR,run01,indoor_static,228,100,922.0,7,125,4/5,14,146653,146948.0,-57.0,10.0,-59.0,9.5,39,1
PAIR,run01,indoor_static,229,100,922.0,7,125,4/5,14,147204,147501.0,-56.0,9.5,-60.0,9.5,39,1
PAIR,run01,indoor_static,230,100,922.0,7,125,4/5,14,147757,148053.0,-58.0,9.5,-57.0,9.75,39,1
PAIR,run01,indoor_static,231,100,922.0,7,125,4/5,14,148308,148603.0,-60.0,9.25,-56.0,10.25,39,1
PAIR,run01,indoor_static,232,100,922.0,7,125,4/5,14,148858,149154.0,-55.0,9.0,-54.0,9.5,39,1
PAIR,run01,indoor_static,233,100,922.0,7,125,4/5,14,149409,149705.0,-54.0,9.75,-56.0,9.75,39,1
PAIR,run01,indoor_static,234,100,922.0,7,125,4/5,14,149960,150255.0,-66.0,9.0,-66.0,9.75,39,1
PAIR,run01,indoor_static,235,100,922.0,7,125,4/5,14,150510,150806.0,-75.0,8.25,-61.0,9.5,39,1
PAIR,run01,indoor_static,236,100,922.0,7,125,4/5,14,151061,151357.0,-66.0,9.5,-61.0,9.5,39,1
PAIR,run01,indoor_static,237,100,922.0,7,125,4/5,14,151614,151909.0,-65.0,9.0,-60.0,9.5,39,1
PAIR,run01,indoor_static,238,100,922.0,7,125,4/5,14,152164,152460.0,-63.0,9.5,-61.0,9.25,39,1
PAIR,run01,indoor_static,239,100,922.0,7,125,4/5,14,152715,153011.0,-63.0,9.5,-56.0,9.5,39,1
PAIR,run01,indoor_static,240,100,922.0,7,125,4/5,14,153266,153561.0,-55.0,9.5,-54.0,10.25,39,1
PAIR,run01,indoor_static,241,100,922.0,7,125,4/5,14,153816,154112.0,-54.0,9.75,-55.0,9.75,39,1
PAIR,run01,indoor_static,242,100,922.0,7,125,4/5,14,154367,154662.0,-58.0,9.25,-56.0,9.75,39,1
PAIR,run01,indoor_static,243,100,922.0,7,125,4/5,14,154918,155213.0,-60.0,9.75,-57.0,10.0,39,1
PAIR,run01,indoor_static,244,100,922.0,7,125,4/5,14,155469,155766.0,-59.0,9.5,-57.0,9.75,39,1
PAIR,run01,indoor_static,245,100,922.0,7,125,4/5,14,156021,156316.0,-56.0,9.5,-57.0,9.75,39,1
PAIR,run01,indoor_static,246,100,922.0,7,125,4/5,14,156572,156867.0,-58.0,9.5,-57.0,9.5,39,1
PAIR,run01,indoor_static,247,100,922.0,7,125,4/5,14,157122,157418.0,-60.0,9.75,-58.0,9.5,39,1
PAIR,run01,indoor_static,248,100,922.0,7,125,4/5,14,157673,157968.0,-65.0,9.25,-63.0,10.25,39,1
PAIR,run01,indoor_static,249,100,922.0,7,125,4/5,14,158223,158519.0,-64.0,9.25,-65.0,9.25,39,1
PAIR,run01,indoor_static,250,100,922.0,7,125,4/5,14,158774,159070.0,-56.0,9.5,-57.0,10.25,39,1
PAIR,run01,indoor_static,251,100,922.0,7,125,4/5,14,159325,159622.0,-64.0,9.25,-62.0,9.75,39,1
PAIR,run01,indoor_static,252,100,922.0,7,125,4/5,14,159877,160173.0,-65.0,9.25,-58.0,9.75,39,1
PAIR,run01,indoor_static,253,100,922.0,7,125,4/5,14,160428,160724.0,-60.0,9.5,-60.0,9.5,39,1
PAIR,run01,indoor_static,254,100,922.0,7,125,4/5,14,160979,161276.0,-62.0,9.75,-62.0,10.0,39,1
PAIR,run01,indoor_static,255,100,922.0,7,125,4/5,14,161531,161826.0,-64.0,9.25,-60.0,9.5,39,1
PAIR,run01,indoor_static,256,100,922.0,7,125,4/5,14,162081,162377.0,-61.0,9.75,-60.0,9.5,39,1
PAIR,run01,indoor_static,257,100,922.0,7,125,4/5,14,162632,162928.0,-62.0,10.25,-60.0,10.25,39,1
PAIR,run01,indoor_static,258,100,922.0,7,125,4/5,14,163183,163480.0,-63.0,9.5,-60.0,10.0,39,1
PAIR,run01,indoor_static,259,100,922.0,7,125,4/5,14,163735,164031.0,-63.0,9.5,-60.0,10.0,39,1
PAIR,run01,indoor_static,260,100,922.0,7,125,4/5,14,164286,164582.0,-63.0,9.5,-61.0,10.0,39,1
PAIR,run01,indoor_static,261,100,922.0,7,125,4/5,14,164837,165132.0,-63.0,9.5,-60.0,10.0,39,1
PAIR,run01,indoor_static,262,100,922.0,7,125,4/5,14,165387,165683.0,-61.0,9.75,-60.0,10.0,39,1
PAIR,run01,indoor_static,263,100,922.0,7,125,4/5,14,165938,166234.0,-61.0,9.5,-60.0,9.75,39,1
PAIR,run01,indoor_static,264,100,922.0,7,125,4/5,14,166489,166785.0,-61.0,9.5,-58.0,9.5,39,1
PAIR,run01,indoor_static,265,100,922.0,7,125,4/5,14,167040,167336.0,-59.0,9.5,-57.0,10.0,39,1
PAIR,run01,indoor_static,266,100,922.0,7,125,4/5,14,167591,167886.0,-58.0,9.5,-57.0,9.75,39,1
PAIR,run01,indoor_static,267,100,922.0,7,125,4/5,14,168141,168437.0,-60.0,9.25,-55.0,9.75,39,1
PAIR,run01,indoor_static,268,100,922.0,7,125,4/5,14,168692,168988.0,-58.0,9.5,-55.0,9.75,39,1
PAIR,run01,indoor_static,269,100,922.0,7,125,4/5,14,169243,169538.0,-58.0,9.5,-55.0,9.25,39,1
PAIR,run01,indoor_static,270,100,922.0,7,125,4/5,14,169793,170089.0,-62.0,9.25,-56.0,9.75,39,1
PAIR,run01,indoor_static,271,100,922.0,7,125,4/5,14,170344,170640.0,-57.0,9.5,-56.0,9.75,39,1
PAIR,run01,indoor_static,272,100,922.0,7,125,4/5,14,170895,171191.0,-57.0,10.25,-55.0,9.75,39,1
PAIR,run01,indoor_static,273,100,922.0,7,125,4/5,14,171446,171742.0,-58.0,9.0,-56.0,9.75,39,1
PAIR,run01,indoor_static,274,100,922.0,7,125,4/5,14,171997,172292.0,-59.0,9.5,-56.0,9.5,39,1
PAIR,run01,indoor_static,275,100,922.0,7,125,4/5,14,172547,172843.0,-59.0,9.25,-58.0,9.75,39,1
PAIR,run01,indoor_static,276,100,922.0,7,125,4/5,14,173098,173394.0,-61.0,9.25,-60.0,9.5,39,1
PAIR,run01,indoor_static,277,100,922.0,7,125,4/5,14,173649,173944.0,-61.0,9.25,-59.0,9.5,39,1
PAIR,run01,indoor_static,278,100,922.0,7,125,4/5,14,174199,174495.0,-59.0,9.75,-59.0,9.5,39,1
PAIR,run01,indoor_static,279,100,922.0,7,125,4/5,14,174750,175047.0,-61.0,9.25,-60.0,9.75,39,1
PAIR,run01,indoor_static,280,100,922.0,7,125,4/5,14,175302,175598.0,-60.0,9.75,-59.0,9.25,39,1
PAIR,run01,indoor_static,281,100,922.0,7,125,4/5,14,175853,176148.0,-60.0,9.25,-60.0,9.25,39,1
PAIR,run01,indoor_static,282,100,922.0,7,125,4/5,14,176403,176698.0,-60.0,9.5,-59.0,9.5,39,1
PAIR,run01,indoor_static,283,100,922.0,7,125,4/5,14,176954,177249.0,-59.0,9.5,-56.0,9.75,39,1
PAIR,run01,indoor_static,284,100,922.0,7,125,4/5,14,177504,177800.0,-58.0,9.75,-55.0,9.5,39,1
PAIR,run01,indoor_static,285,100,922.0,7,125,4/5,14,178055,178350.0,-61.0,9.0,-60.0,9.75,39,1
PAIR,run01,indoor_static,286,100,922.0,7,125,4/5,14,178606,178903.0,-59.0,9.75,-55.0,10.0,39,1
PAIR,run01,indoor_static,287,100,922.0,7,125,4/5,14,179158,179453.0,-57.0,9.25,-54.0,9.75,39,1
PAIR,run01,indoor_static,289,100,922.0,7,125,4/5,14,182053,182349.0,-57.0,10.0,-55.0,9.75,39,1
PAIR,run01,indoor_static,290,100,922.0,7,125,4/5,14,182604,182901.0,-57.0,9.5,-54.0,10.0,39,1
PAIR,run01,indoor_static,291,100,922.0,7,125,4/5,14,183156,183452.0,-57.0,9.5,-55.0,10.0,39,1
PAIR,run01,indoor_static,292,100,922.0,7,125,4/5,14,183707,184002.0,-58.0,9.5,-56.0,9.25,39,1
PAIR,run01,indoor_static,293,100,922.0,7,125,4/5,14,184257,184553.0,-55.0,9.5,-53.0,9.75,39,1
PAIR,run01,indoor_static,294,100,922.0,7,125,4/5,14,184808,185104.0,-61.0,9.5,-57.0,9.75,39,1
PAIR,run01,indoor_static,295,100,922.0,7,125,4/5,14,185359,185654.0,-60.0,9.75,-56.0,9.5,39,1
PAIR,run01,indoor_static,296,100,922.0,7,125,4/5,14,185910,186205.0,-61.0,9.5,-59.0,9.25,39,1
PAIR,run01,indoor_static,297,100,922.0,7,125,4/5,14,186461,186756.0,-65.0,9.5,-60.0,10.0,39,1
PAIR,run01,indoor_static,298,100,922.0,7,125,4/5,14,187011,187307.0,-68.0,9.5,-61.0,9.75,39,1
PAIR,run01,indoor_static,299,100,922.0,7,125,4/5,14,187562,187858.0,-67.0,9.0,-61.0,9.75,39,1
PAIR,run01,indoor_static,300,100,922.0,7,125,4/5,14,188113,188408.0,-65.0,9.25,-61.0,9.75,39,1
PAIR,run01,indoor_static,301,100,922.0,7,125,4/5,14,188663,188959.0,-66.0,9.0,-60.0,9.5,39,1
PAIR,run01,indoor_static,302,100,922.0,7,125,4/5,14,189214,189510.0,-65.0,9.5,-60.0,9.5,39,1
PAIR,run01,indoor_static,303,100,922.0,7,125,4/5,14,189765,190061.0,-61.0,9.25,-57.0,9.75,39,1
PAIR,run01,indoor_static,304,100,922.0,7,125,4/5,14,190316,190612.0,-61.0,9.75,-61.0,9.75,39,1
PAIR,run01,indoor_static,305,100,922.0,7,125,4/5,14,190867,191162.0,-62.0,10.0,-59.0,9.5,39,1
PAIR,run01,indoor_static,306,100,922.0,7,125,4/5,14,191417,191713.0,-62.0,9.75,-59.0,9.0,39,1
PAIR,run01,indoor_static,307,100,922.0,7,125,4/5,14,191968,192264.0,-63.0,10.25,-59.0,9.5,39,1
PAIR,run01,indoor_static,308,100,922.0,7,125,4/5,14,192519,192816.0,-62.0,9.75,-60.0,9.5,39,1
PAIR,run01,indoor_static,309,100,922.0,7,125,4/5,14,193071,193368.0,-62.0,9.75,-60.0,12.25,39,1
PAIR,run01,indoor_static,310,100,922.0,7,125,4/5,14,193623,193918.0,-62.0,9.5,-60.0,9.5,39,1
PAIR,run01,indoor_static,311,100,922.0,7,125,4/5,14,194174,194469.0,-62.0,9.5,-60.0,9.75,39,1
PAIR,run01,indoor_static,312,100,922.0,7,125,4/5,14,194724,195020.0,-63.0,9.25,-60.0,10.25,39,1
PAIR,run01,indoor_static,313,100,922.0,7,125,4/5,14,195275,195571.0,-64.0,9.75,-62.0,9.25,39,1
PAIR,run01,indoor_static,314,100,922.0,7,125,4/5,14,195826,196121.0,-63.0,9.75,-59.0,9.5,39,1
PAIR,run01,indoor_static,315,100,922.0,7,125,4/5,14,196376,196672.0,-63.0,9.25,-60.0,10.0,39,1
PAIR,run01,indoor_static,316,100,922.0,7,125,4/5,14,196927,197223.0,-62.0,10.0,-60.0,10.25,39,1
PAIR,run01,indoor_static,317,100,922.0,7,125,4/5,14,197478,197773.0,-63.0,9.75,-61.0,9.75,39,1
PAIR,run01,indoor_static,318,100,922.0,7,125,4/5,14,198029,198325.0,-63.0,9.25,-61.0,10.0,39,1
PAIR,run01,indoor_static,319,100,922.0,7,125,4/5,14,198581,198876.0,-64.0,9.0,-61.0,9.5,39,1
PAIR,run01,indoor_static,320,100,922.0,7,125,4/5,14,199131,199427.0,-63.0,9.5,-61.0,9.75,39,1
PAIR,run01,indoor_static,321,100,922.0,7,125,4/5,14,199682,199977.0,-63.0,9.5,-60.0,9.25,39,1
PAIR,run01,indoor_static,322,100,922.0,7,125,4/5,14,200233,200528.0,-63.0,9.75,-60.0,10.25,39,1
PAIR,run01,indoor_static,323,100,922.0,7,125,4/5,14,200783,201079.0,-63.0,10.0,-60.0,10.0,39,1
PAIR,run01,indoor_static,324,100,922.0,7,125,4/5,14,201334,201630.0,-64.0,9.75,-61.0,9.5,39,1
PAIR,run01,indoor_static,325,100,922.0,7,125,4/5,14,201885,202182.0,-63.0,10.0,-61.0,9.5,39,1
PAIR,run01,indoor_static,326,100,922.0,7,125,4/5,14,202437,202733.0,-64.0,9.0,-60.0,9.75,39,1
PAIR,run01,indoor_static,327,100,922.0,7,125,4/5,14,202988,203283.0,-64.0,9.5,-61.0,10.0,39,1
PAIR,run01,indoor_static,328,100,922.0,7,125,4/5,14,203538,203834.0,-64.0,9.5,-61.0,10.0,39,1
PAIR,run01,indoor_static,329,100,922.0,7,125,4/5,14,204089,204384.0,-64.0,9.5,-60.0,9.25,39,1
PAIR,run01,indoor_static,330,100,922.0,7,125,4/5,14,204640,204935.0,-64.0,9.0,-61.0,10.25,39,1
PAIR,run01,indoor_static,331,100,922.0,7,125,4/5,14,205190,205486.0,-64.0,9.25,-60.0,10.5,39,1
PAIR,run01,indoor_static,332,100,922.0,7,125,4/5,14,205741,206037.0,-64.0,9.25,-61.0,9.25,39,1
PAIR,run01,indoor_static,333,100,922.0,7,125,4/5,14,206293,206590.0,-64.0,9.0,-61.0,9.75,39,1
PAIR,run01,indoor_static,334,100,922.0,7,125,4/5,14,206845,207142.0,-64.0,9.25,-61.0,10.0,39,1
PAIR,run01,indoor_static,335,100,922.0,7,125,4/5,14,207397,207692.0,-63.0,9.0,-60.0,9.5,39,1
PAIR,run01,indoor_static,336,100,922.0,7,125,4/5,14,207947,208242.0,-64.0,9.5,-60.0,9.75,39,1
PAIR,run01,indoor_static,337,100,922.0,7,125,4/5,14,208497,208793.0,-63.0,9.25,-61.0,9.75,39,1
PAIR,run01,indoor_static,338,100,922.0,7,125,4/5,14,209048,209343.0,-64.0,8.75,-60.0,10.0,39,1
PAIR,run01,indoor_static,339,100,922.0,7,125,4/5,14,209598,209894.0,-63.0,9.25,-61.0,9.5,39,1
PAIR,run01,indoor_static,340,100,922.0,7,125,4/5,14,210150,210446.0,-63.0,9.5,-60.0,10.0,39,1
PAIR,run01,indoor_static,341,100,922.0,7,125,4/5,14,210701,210997.0,-63.0,9.75,-61.0,9.25,39,1
PAIR,run01,indoor_static,342,100,922.0,7,125,4/5,14,211252,211547.0,-62.0,9.75,-60.0,9.5,39,1
PAIR,run01,indoor_static,343,100,922.0,7,125,4/5,14,211802,212098.0,-62.0,9.5,-58.0,10.0,39,1
PAIR,run01,indoor_static,344,100,922.0,7,125,4/5,14,212353,212649.0,-60.0,9.75,-58.0,10.0,39,1
PAIR,run01,indoor_static,345,100,922.0,7,125,4/5,14,212904,213199.0,-60.0,9.5,-56.0,9.75,39,1
PAIR,run01,indoor_static,346,100,922.0,7,125,4/5,14,213455,213750.0,-55.0,9.5,-54.0,9.75,39,1
PAIR,run01,indoor_static,347,100,922.0,7,125,4/5,14,214007,214302.0,-55.0,9.75,-54.0,10.0,39,1
PAIR,run01,indoor_static,348,100,922.0,7,125,4/5,14,214558,214853.0,-56.0,9.75,-55.0,10.25,39,1
PAIR,run01,indoor_static,349,100,922.0,7,125,4/5,14,215108,215404.0,-57.0,9.5,-54.0,9.5,39,1
PAIR,run01,indoor_static,350,100,922.0,7,125,4/5,14,215659,215954.0,-56.0,11.0,-55.0,9.5,39,1
PAIR,run01,indoor_static,351,100,922.0,7,125,4/5,14,216210,216505.0,-56.0,10.75,-55.0,10.0,39,1
PAIR,run01,indoor_static,352,100,922.0,7,125,4/5,14,216760,217056.0,-54.0,9.5,-54.0,9.75,39,1
PAIR,run01,indoor_static,353,100,922.0,7,125,4/5,14,217311,217607.0,-57.0,9.75,-55.0,9.5,39,1
PAIR,run01,indoor_static,354,100,922.0,7,125,4/5,14,217863,218159.0,-60.0,9.5,-57.0,9.5,39,1
PAIR,run01,indoor_static,355,100,922.0,7,125,4/5,14,218414,218710.0,-60.0,9.5,-57.0,9.75,39,1
PAIR,run01,indoor_static,356,100,922.0,7,125,4/5,14,218965,219260.0,-56.0,9.5,-56.0,9.5,39,1
PAIR,run01,indoor_static,357,100,922.0,7,125,4/5,14,219515,219811.0,-70.0,9.5,-62.0,9.75,39,1
PAIR,run01,indoor_static,358,100,922.0,7,125,4/5,14,220066,220363.0,-62.0,9.5,-56.0,9.5,39,1
PAIR,run01,indoor_static,360,100,922.0,7,125,4/5,14,222962,223257.0,-60.0,9.75,-56.0,9.75,39,1
PAIR,run01,indoor_static,361,100,922.0,7,125,4/5,14,223512,223808.0,-59.0,9.75,-56.0,9.25,39,1
PAIR,run01,indoor_static,362,100,922.0,7,125,4/5,14,224063,224359.0,-59.0,9.5,-56.0,10.0,39,1
PAIR,run01,indoor_static,363,100,922.0,7,125,4/5,14,224614,224911.0,-57.0,9.5,-56.0,9.75,39,1
PAIR,run01,indoor_static,364,100,922.0,7,125,4/5,14,225167,225462.0,-62.0,9.75,-61.0,10.25,39,1
PAIR,run01,indoor_static,365,100,922.0,7,125,4/5,14,225717,226013.0,-59.0,9.5,-59.0,10.0,39,1
PAIR,run01,indoor_static,366,100,922.0,7,125,4/5,14,226268,226564.0,-59.0,9.75,-58.0,10.0,39,1
PAIR,run01,indoor_static,367,100,922.0,7,125,4/5,14,226819,227114.0,-59.0,9.0,-57.0,10.0,39,1
PAIR,run01,indoor_static,368,100,922.0,7,125,4/5,14,227369,227665.0,-57.0,9.5,-56.0,9.25,39,1
PAIR,run01,indoor_static,369,100,922.0,7,125,4/5,14,227920,228216.0,-58.0,9.25,-55.0,9.5,39,1
PAIR,run01,indoor_static,370,100,922.0,7,125,4/5,14,228471,228766.0,-58.0,9.75,-55.0,9.25,39,1
PAIR,run01,indoor_static,371,100,922.0,7,125,4/5,14,229022,229319.0,-58.0,9.25,-56.0,10.25,39,1
PAIR,run01,indoor_static,372,100,922.0,7,125,4/5,14,229574,229869.0,-60.0,9.25,-57.0,10.25,39,1
PAIR,run01,indoor_static,373,100,922.0,7,125,4/5,14,230124,230420.0,-58.0,10.0,-55.0,9.75,39,1
PAIR,run01,indoor_static,374,100,922.0,7,125,4/5,14,230675,230971.0,-63.0,9.75,-63.0,10.25,39,1
PAIR,run01,indoor_static,375,100,922.0,7,125,4/5,14,231226,231521.0,-60.0,9.5,-60.0,9.5,39,1
PAIR,run01,indoor_static,376,100,922.0,7,125,4/5,14,231776,232072.0,-67.0,9.5,-60.0,10.0,39,1
PAIR,run01,indoor_static,377,100,922.0,7,125,4/5,14,232327,232623.0,-56.0,9.75,-54.0,9.75,39,1
PAIR,run01,indoor_static,378,100,922.0,7,125,4/5,14,232878,233175.0,-56.0,9.75,-56.0,9.75,39,1
PAIR,run01,indoor_static,379,100,922.0,7,125,4/5,14,233430,233726.0,-58.0,9.25,-57.0,9.5,39,1
PAIR,run01,indoor_static,380,100,922.0,7,125,4/5,14,233981,234276.0,-57.0,9.5,-55.0,9.75,39,1
PAIR,run01,indoor_static,381,100,922.0,7,125,4/5,14,234531,234827.0,-58.0,9.75,-55.0,9.5,39,1
PAIR,run01,indoor_static,382,100,922.0,7,125,4/5,14,235082,235378.0,-57.0,9.75,-55.0,9.75,39,1
PAIR,run01,indoor_static,383,100,922.0,7,125,4/5,14,235633,235928.0,-57.0,10.0,-55.0,9.5,39,1
PAIR,run01,indoor_static,384,100,922.0,7,125,4/5,14,236183,236479.0,-57.0,10.0,-55.0,9.5,39,1
PAIR,run01,indoor_static,385,100,922.0,7,125,4/5,14,236734,237030.0,-58.0,10.25,-54.0,9.75,39,1
PAIR,run01,indoor_static,386,100,922.0,7,125,4/5,14,237286,237582.0,-58.0,9.5,-55.0,9.5,39,1
PAIR,run01,indoor_static,387,100,922.0,7,125,4/5,14,237837,238133.0,-57.0,9.75,-55.0,10.0,39,1
PAIR,run01,indoor_static,388,100,922.0,7,125,4/5,14,238388,238685.0,-57.0,9.25,-55.0,10.0,39,1
PAIR,run01,indoor_static,389,100,922.0,7,125,4/5,14,238940,239235.0,-57.0,9.5,-54.0,9.5,39,1
PAIR,run01,indoor_static,390,100,922.0,7,125,4/5,14,239490,239786.0,-57.0,9.25,-54.0,9.5,39,1
PAIR,run01,indoor_static,391,100,922.0,7,125,4/5,14,240041,240337.0,-58.0,9.75,-55.0,9.75,39,1
PAIR,run01,indoor_static,392,100,922.0,7,125,4/5,14,240592,240888.0,-58.0,9.5,-54.0,9.25,39,1
PAIR,run01,indoor_static,393,100,922.0,7,125,4/5,14,241144,241440.0,-58.0,9.75,-54.0,9.75,39,1
PAIR,run01,indoor_static,394,100,922.0,7,125,4/5,14,241695,241990.0,-57.0,9.5,-54.0,9.5,39,1
PAIR,run01,indoor_static,395,100,922.0,7,125,4/5,14,242245,242541.0,-57.0,9.25,-54.0,10.5,39,1
PAIR,run01,indoor_static,396,100,922.0,7,125,4/5,14,242796,243092.0,-58.0,9.25,-55.0,9.75,39,1
PAIR,run01,indoor_static,397,100,922.0,7,125,4/5,14,243347,243642.0,-58.0,9.75,-55.0,10.0,39,1
PAIR,run01,indoor_static,398,100,922.0,7,125,4/5,14,243898,244193.0,-57.0,9.75,-54.0,9.5,39,1
PAIR,run01,indoor_static,399,100,922.0,7,125,4/5,14,244448,244744.0,-57.0,9.5,-54.0,10.0,39,1
PAIR,run01,indoor_static,400,100,922.0,7,125,4/5,14,245001,245296.0,-57.0,9.5,-54.0,10.25,39,1
PAIR,run01,indoor_static,401,100,922.0,7,125,4/5,14,245551,245847.0,-58.0,9.5,-54.0,10.25,39,1
PAIR,run01,indoor_static,402,100,922.0,7,125,4/5,14,246102,246398.0,-58.0,10.0,-54.0,9.75,39,1
PAIR,run01,indoor_static,403,100,922.0,7,125,4/5,14,246653,246948.0,-59.0,9.5,-57.0,9.5,39,1
PAIR,run01,indoor_static,404,100,922.0,7,125,4/5,14,247203,247499.0,-58.0,9.0,-55.0,10.0,39,1
PAIR,run01,indoor_static,405,100,922.0,7,125,4/5,14,247754,248050.0,-61.0,9.75,-56.0,9.75,39,1
PAIR,run01,indoor_static,406,100,922.0,7,125,4/5,14,248305,248601.0,-60.0,9.25,-57.0,9.5,39,1
PAIR,run01,indoor_static,407,100,922.0,7,125,4/5,14,248856,249153.0,-58.0,10.0,-55.0,9.5,39,1
PAIR,run01,indoor_static,408,100,922.0,7,125,4/5,14,249408,249703.0,-57.0,9.25,-59.0,10.25,39,1
PAIR,run01,indoor_static,409,100,922.0,7,125,4/5,14,249959,250254.0,-61.0,9.5,-57.0,9.75,39,1
PAIR,run01,indoor_static,410,100,922.0,7,125,4/5,14,250509,250805.0,-61.0,9.75,-59.0,9.5,39,1
PAIR,run01,indoor_static,411,100,922.0,7,125,4/5,14,251060,251356.0,-69.0,9.25,-62.0,9.75,39,1
PAIR,run01,indoor_static,412,100,922.0,7,125,4/5,14,251611,251906.0,-63.0,9.75,-61.0,9.25,39,1
PAIR,run01,indoor_static,413,100,922.0,7,125,4/5,14,252162,252458.0,-68.0,9.5,-63.0,10.0,39,1
PAIR,run01,indoor_static,414,100,922.0,7,125,4/5,14,252714,253011.0,-65.0,9.5,-60.0,9.25,39,1
PAIR,run01,indoor_static,415,100,922.0,7,125,4/5,14,253266,253561.0,-60.0,10.0,-61.0,9.75,39,1
PAIR,run01,indoor_static,416,100,922.0,7,125,4/5,14,253817,254112.0,-69.0,9.5,-57.0,9.75,39,1
PAIR,run01,indoor_static,417,100,922.0,7,125,4/5,14,254367,254663.0,-63.0,9.0,-56.0,10.0,39,1
PAIR,run01,indoor_static,418,100,922.0,7,125,4/5,14,254918,255213.0,-60.0,9.75,-58.0,9.5,39,1
PAIR,run01,indoor_static,419,100,922.0,7,125,4/5,14,255469,255764.0,-59.0,9.5,-56.0,9.75,39,1
PAIR,run01,indoor_static,421,100,922.0,7,125,4/5,14,256571,256867.0,-64.0,9.25,-62.0,9.5,39,1
PAIR,run01,indoor_static,422,100,922.0,7,125,4/5,14,257122,257418.0,-69.0,9.5,-61.0,10.0,39,1
PAIR,run01,indoor_static,423,100,922.0,7,125,4/5,14,257673,257969.0,-61.0,9.5,-59.0,9.5,39,1
PAIR,run01,indoor_static,424,100,922.0,7,125,4/5,14,258224,258519.0,-61.0,9.5,-58.0,9.75,39,1
PAIR,run01,indoor_static,425,100,922.0,7,125,4/5,14,258774,259070.0,-65.0,9.5,-59.0,9.75,39,1
PAIR,run01,indoor_static,426,100,922.0,7,125,4/5,14,259325,259621.0,-62.0,9.5,-56.0,9.75,39,1
PAIR,run01,indoor_static,427,100,922.0,7,125,4/5,14,259876,260172.0,-61.0,9.5,-60.0,10.25,39,1
PAIR,run01,indoor_static,428,100,922.0,7,125,4/5,14,260427,260723.0,-65.0,9.5,-60.0,9.75,39,1
PAIR,run01,indoor_static,429,100,922.0,7,125,4/5,14,260978,261273.0,-65.0,9.5,-59.0,10.0,39,1
PAIR,run01,indoor_static,430,100,922.0,7,125,4/5,14,261528,261824.0,-66.0,9.25,-59.0,9.75,39,1
PAIR,run01,indoor_static,431,100,922.0,7,125,4/5,14,262079,262375.0,-67.0,9.25,-60.0,10.25,39,1
PAIR,run01,indoor_static,432,100,922.0,7,125,4/5,14,262630,262925.0,-63.0,9.75,-59.0,9.5,39,1
PAIR,run01,indoor_static,433,100,922.0,7,125,4/5,14,263180,263476.0,-62.0,11.0,-59.0,9.75,39,1
PAIR,run01,indoor_static,434,100,922.0,7,125,4/5,14,263731,264027.0,-62.0,9.25,-58.0,9.75,39,1
PAIR,run01,indoor_static,435,100,922.0,7,125,4/5,14,264282,264578.0,-63.0,9.5,-59.0,9.5,39,1
PAIR,run01,indoor_static,436,100,922.0,7,125,4/5,14,264833,265129.0,-62.0,10.0,-59.0,9.75,39,1
PAIR,run01,indoor_static,437,100,922.0,7,125,4/5,14,265384,265679.0,-63.0,9.5,-59.0,9.25,39,1
PAIR,run01,indoor_static,438,100,922.0,7,125,4/5,14,265934,266232.0,-63.0,9.75,-60.0,9.5,39,1
PAIR,run01,indoor_static,439,100,922.0,7,125,4/5,14,266487,266782.0,-63.0,9.5,-59.0,9.25,39,1
PAIR,run01,indoor_static,440,100,922.0,7,125,4/5,14,267038,267333.0,-63.0,9.75,-59.0,9.75,39,1
PAIR,run01,indoor_static,441,100,922.0,7,125,4/5,14,267588,267884.0,-63.0,9.75,-59.0,9.5,39,1
PAIR,run01,indoor_static,442,100,922.0,7,125,4/5,14,268139,268435.0,-62.0,9.5,-59.0,9.5,39,1
PAIR,run01,indoor_static,443,100,922.0,7,125,4/5,14,268690,268985.0,-62.0,9.5,-59.0,9.5,39,1
PAIR,run01,indoor_static,444,100,922.0,7,125,4/5,14,269241,269536.0,-63.0,9.5,-60.0,9.5,39,1
PAIR,run01,indoor_static,445,100,922.0,7,125,4/5,14,269791,270087.0,-63.0,9.75,-60.0,9.75,39,1
PAIR,run01,indoor_static,446,100,922.0,7,125,4/5,14,270342,270637.0,-64.0,9.0,-60.0,9.75,39,1
PAIR,run01,indoor_static,447,100,922.0,7,125,4/5,14,270893,271188.0,-64.0,9.0,-59.0,9.75,39,1
PAIR,run01,indoor_static,449,100,922.0,7,125,4/5,14,271994,272291.0,-64.0,9.25,-60.0,9.5,39,1
PAIR,run01,indoor_static,450,100,922.0,7,125,4/5,14,272546,272842.0,-64.0,9.25,-61.0,9.5,39,1
PAIR,run01,indoor_static,451,100,922.0,7,125,4/5,14,273097,273392.0,-62.0,9.5,-59.0,9.25,39,1
PAIR,run01,indoor_static,452,100,922.0,7,125,4/5,14,273648,273943.0,-62.0,9.25,-60.0,9.25,39,1
PAIR,run01,indoor_static,453,100,922.0,7,125,4/5,14,274198,274494.0,-61.0,9.5,-59.0,9.75,39,1
PAIR,run01,indoor_static,454,100,922.0,7,125,4/5,14,274749,275044.0,-62.0,9.25,-60.0,9.5,39,1
PAIR,run01,indoor_static,455,100,922.0,7,125,4/5,14,275300,275595.0,-61.0,10.25,-60.0,10.0,39,1
PAIR,run01,indoor_static,456,100,922.0,7,125,4/5,14,275851,276147.0,-61.0,10.0,-59.0,9.5,39,1
PAIR,run01,indoor_static,457,100,922.0,7,125,4/5,14,276403,276698.0,-62.0,9.5,-59.0,9.5,39,1
PAIR,run01,indoor_static,458,100,922.0,7,125,4/5,14,276953,277249.0,-61.0,9.75,-59.0,9.75,39,1
PAIR,run01,indoor_static,459,100,922.0,7,125,4/5,14,277504,277800.0,-62.0,9.25,-60.0,9.25,39,1
PAIR,run01,indoor_static,460,100,922.0,7,125,4/5,14,278055,278350.0,-62.0,9.25,-61.0,9.5,39,1
PAIR,run01,indoor_static,461,100,922.0,7,125,4/5,14,278605,278901.0,-61.0,9.5,-60.0,9.75,39,1
PAIR,run01,indoor_static,462,100,922.0,7,125,4/5,14,279156,279452.0,-61.0,9.75,-59.0,9.5,39,1
PAIR,run01,indoor_static,463,100,922.0,7,125,4/5,14,279707,280004.0,-61.0,9.5,-60.0,9.75,39,1
PAIR,run01,indoor_static,464,100,922.0,7,125,4/5,14,280261,280557.0,-61.0,10.5,-61.0,9.5,39,1
PAIR,run01,indoor_static,465,100,922.0,7,125,4/5,14,280813,281108.0,-62.0,9.75,-62.0,9.5,39,1
PAIR,run01,indoor_static,466,100,922.0,7,125,4/5,14,281363,281659.0,-61.0,9.5,-61.0,10.0,39,1
PAIR,run01,indoor_static,467,100,922.0,7,125,4/5,14,281914,282209.0,-62.0,9.5,-61.0,10.0,39,1
PAIR,run01,indoor_static,468,100,922.0,7,125,4/5,14,282465,282760.0,-62.0,9.25,-61.0,9.5,39,1
PAIR,run01,indoor_static,469,100,922.0,7,125,4/5,14,283015,283311.0,-61.0,10.0,-61.0,9.5,39,1
PAIR,run01,indoor_static,470,100,922.0,7,125,4/5,14,283566,283862.0,-61.0,9.5,-61.0,10.25,39,1
PAIR,run01,indoor_static,471,100,922.0,7,125,4/5,14,284118,284414.0,-61.0,9.5,-60.0,9.75,39,1
PAIR,run01,indoor_static,472,100,922.0,7,125,4/5,14,284669,284965.0,-60.0,9.75,-61.0,10.0,39,1
PAIR,run01,indoor_static,473,100,922.0,7,125,4/5,14,285220,285515.0,-62.0,9.75,-62.0,9.25,39,1
PAIR,run01,indoor_static,474,100,922.0,7,125,4/5,14,285770,286066.0,-62.0,9.5,-62.0,9.75,39,1
PAIR,run01,indoor_static,475,100,922.0,7,125,4/5,14,286321,286617.0,-63.0,9.25,-62.0,9.5,39,1
PAIR,run01,indoor_static,476,100,922.0,7,125,4/5,14,286872,287167.0,-63.0,9.75,-61.0,9.5,39,1
PAIR,run01,indoor_static,477,100,922.0,7,125,4/5,14,287423,287718.0,-63.0,9.75,-61.0,9.25,39,1
PAIR,run01,indoor_static,478,100,922.0,7,125,4/5,14,287975,288271.0,-63.0,9.5,-61.0,9.5,39,1
PAIR,run01,indoor_static,479,100,922.0,7,125,4/5,14,288526,288821.0,-63.0,9.25,-61.0,9.75,39,1
PAIR,run01,indoor_static,480,100,922.0,7,125,4/5,14,289076,289372.0,-63.0,9.25,-62.0,9.25,39,1
PAIR,run01,indoor_static,481,100,922.0,7,125,4/5,14,289627,289923.0,-63.0,11.75,-60.0,9.5,39,1
PAIR,run01,indoor_static,482,100,922.0,7,125,4/5,14,290178,290473.0,-63.0,11.25,-61.0,9.5,39,1
PAIR,run01,indoor_static,483,100,922.0,7,125,4/5,14,290728,291024.0,-63.0,9.5,-61.0,9.75,39,1
PAIR,run01,indoor_static,484,100,922.0,7,125,4/5,14,291279,291575.0,-63.0,9.5,-62.0,9.75,39,1
PAIR,run01,indoor_static,485,100,922.0,7,125,4/5,14,291832,292127.0,-63.0,9.75,-62.0,10.0,39,1
PAIR,run01,indoor_static,486,100,922.0,7,125,4/5,14,292382,292678.0,-63.0,10.25,-62.0,9.25,39,1
PAIR,run01,indoor_static,487,100,922.0,7,125,4/5,14,292933,293228.0,-63.0,9.75,-62.0,9.5,39,1
PAIR,run01,indoor_static,488,100,922.0,7,125,4/5,14,293484,293781.0,-63.0,10.25,-62.0,10.0,39,1
PAIR,run01,indoor_static,489,100,922.0,7,125,4/5,14,294036,294333.0,-62.0,9.5,-60.0,9.75,39,1
PAIR,run01,indoor_static,490,100,922.0,7,125,4/5,14,294588,294884.0,-62.0,9.75,-60.0,10.0,39,1
PAIR,run01,indoor_static,491,100,922.0,7,125,4/5,14,295139,295434.0,-62.0,9.75,-62.0,9.25,39,1
PAIR,run01,indoor_static,492,100,922.0,7,125,4/5,14,295691,295986.0,-62.0,9.5,-61.0,9.5,39,1
PAIR,run01,indoor_static,493,100,922.0,7,125,4/5,14,296242,296536.0,-63.0,9.5,-62.0,9.75,39,1
PAIR,run01,indoor_static,494,100,922.0,7,125,4/5,14,296792,297087.0,-64.0,10.0,-63.0,9.5,39,1
PAIR,run01,indoor_static,495,100,922.0,7,125,4/5,14,297342,297638.0,-64.0,9.25,-63.0,9.5,39,1
PAIR,run01,indoor_static,496,100,922.0,7,125,4/5,14,297893,298188.0,-64.0,9.0,-62.0,9.5,39,1
PAIR,run01,indoor_static,497,100,922.0,7,125,4/5,14,298444,298739.0,-64.0,9.25,-62.0,9.5,39,1
PAIR,run01,indoor_static,498,100,922.0,7,125,4/5,14,298995,299290.0,-64.0,9.25,-63.0,9.5,39,1
PAIR,run01,indoor_static,499,100,922.0,7,125,4/5,14,299545,299842.0,-65.0,9.0,-62.0,10.0,39,1
