PAIR,run04,outdoor_los,2,100,922.000,7,125,4/5,14,17507,17793,-70,9.5,-68,9.5,36,1
PAIR,run04,outdoor_los,3,100,922.000,7,125,4/5,14,18048,18333,-69,9.75,-68,9.25,36,1
PAIR,run04,outdoor_los,4,100,922.000,7,125,4/5,14,18588,18873,-70,9.5,-69,9.75,36,1
PAIR,run04,outdoor_los,5,100,922.000,7,125,4/5,14,19128,19414,-70,9.25,-68,9.75,36,1
PAIR,run04,outdoor_los,6,100,922.000,7,125,4/5,14,19669,19954,-70,9.0,-69,10.0,36,1
PAIR,run04,outdoor_los,7,100,922.000,7,125,4/5,14,20209,20496,-70,9.5,-68,10.0,36,1
PAIR,run04,outdoor_los,8,100,922.000,7,125,4/5,14,20751,21036,-70,9.5,-68,10.25,36,1
PAIR,run04,outdoor_los,9,100,922.000,7,125,4/5,14,21291,21577,-70,9.5,-69,9.5,36,1
PAIR,run04,outdoor_los,10,100,922.000,7,125,4/5,14,21832,22122,-70,9.5,-69,9.75,37,1
PAIR,run04,outdoor_los,11,100,922.000,7,125,4/5,14,22377,22667,-71,9.5,-69,9.5,37,1
PAIR,run04,outdoor_los,12,100,922.000,7,125,4/5,14,22922,23212,-71,9.5,-67,10.0,37,1
PAIR,run04,outdoor_los,13,100,922.000,7,125,4/5,14,23468,23758,-67,9.75,-66,9.75,37,1
PAIR,run04,outdoor_los,14,100,922.000,7,125,4/5,14,24013,24303,-69,9.75,-66,9.75,37,1
PAIR,run04,outdoor_los,15,100,922.000,7,125,4/5,14,24558,24849,-69,9.5,-67,9.25,37,1
PAIR,run04,outdoor_los,16,100,922.000,7,125,4/5,14,25104,25395,-69,9.25,-67,9.75,37,1
PAIR,run04,outdoor_los,17,100,922.000,7,125,4/5,14,25650,25941,-69,9.5,-67,9.75,37,1
PAIR,run04,outdoor_los,18,100,922.000,7,125,4/5,14,26196,26486,-69,9.5,-66,9.75,37,1
PAIR,run04,outdoor_los,19,100,922.000,7,125,4/5,14,26741,27031,-68,9.75,-66,9.5,37,1
PAIR,run04,outdoor_los,20,100,922.000,7,125,4/5,14,27286,27576,-68,9.5,-66,9.75,37,1
PAIR,run04,outdoor_los,21,100,922.000,7,125,4/5,14,27831,28122,-69,9.75,-68,9.5,37,1
PAIR,run04,outdoor_los,22,100,922.000,7,125,4/5,14,28377,28667,-68,9.5,-66,9.75,37,1
PAIR,run04,outdoor_los,23,100,922.000,7,125,4/5,14,28922,29212,-67,9.5,-65,9.5,37,1
PAIR,run04,outdoor_los,24,100,922.000,7,125,4/5,14,29468,29759,-67,10.0,-65,9.25,37,1
PAIR,run04,outdoor_los,25,100,922.000,7,125,4/5,14,30014,30304,-67,10.0,-65,10.0,37,1
PAIR,run04,outdoor_los,26,100,922.000,7,125,4/5,14,30559,30849,-67,9.75,-66,9.5,37,1
PAIR,run04,outdoor_los,27,100,922.000,7,125,4/5,14,31104,31394,-68,9.25,-66,9.75,37,1
PAIR,run04,outdoor_los,28,100,922.000,7,125,4/5,14,31649,31940,-67,10.0,-65,9.75,37,1
PAIR,run04,outdoor_los,29,100,922.000,7,125,4/5,14,32195,32485,-67,10.0,-65,9.75,37,1
PAIR,run04,outdoor_los,30,100,922.000,7,125,4/5,14,32740,33030,-67,9.75,-65,9.75,37,1
PAIR,run04,outdoor_los,31,100,922.000,7,125,4/5,14,33285,33576,-67,9.5,-66,9.5,37,1
PAIR,run04,outdoor_los,32,100,922.000,7,125,4/5,14,33831,34123,-67,9.25,-65,9.75,37,1
PAIR,run04,outdoor_los,33,100,922.000,7,125,4/5,14,34378,34668,-67,9.5,-67,9.5,37,1
PAIR,run04,outdoor_los,34,100,922.000,7,125,4/5,14,34923,35213,-69,9.5,-66,9.5,37,1
PAIR,run04,outdoor_los,35,100,922.000,7,125,4/5,14,35468,35758,-67,10.0,-66,9.75,37,1
PAIR,run04,outdoor_los,36,100,922.000,7,125,4/5,14,36013,36304,-67,9.5,-67,9.5,37,1
PAIR,run04,outdoor_los,37,100,922.000,7,125,4/5,14,36559,36849,-69,9.5,-65,9.75,37,1
PAIR,run04,outdoor_los,38,100,922.000,7,125,4/5,14,37104,37394,-67,9.5,-66,9.25,37,1
PAIR,run04,outdoor_los,39,100,922.000,7,125,4/5,14,37649,37939,-67,9.5,-65,9.75,37,1
PAIR,run04,outdoor_los,40,100,922.000,7,125,4/5,14,38195,38485,-66,9.5,-65,10.0,37,1
PAIR,run04,outdoor_los,41,100,922.000,7,125,4/5,14,38742,39032,-67,9.5,-65,9.5,37,1
PAIR,run04,outdoor_los,42,100,922.000,7,125,4/5,14,39287,39577,-66,9.5,-65,10.25,37,1
PAIR,run04,outdoor_los,43,100,922.000,7,125,4/5,14,39832,40122,-66,9.75,-66,9.75,37,1
PAIR,run04,outdoor_los,44,100,922.000,7,125,4/5,14,40377,40668,-67,9.75,-66,9.75,37,1
PAIR,run04,outdoor_los,45,100,922.000,7,125,4/5,14,40923,41213,-67,9.5,-66,9.25,37,1
PAIR,run04,outdoor_los,46,100,922.000,7,125,4/5,14,41468,41758,-67,9.25,-66,9.5,37,1
PAIR,run04,outdoor_los,47,100,922.000,7,125,4/5,14,42013,42303,-67,9.75,-66,9.5,37,1
PAIR,run04,outdoor_los,48,100,922.000,7,125,4/5,14,42559,42849,-67,9.75,-66,9.75,37,1
PAIR,run04,outdoor_los,49,100,922.000,7,125,4/5,14,43104,43394,-67,9.75,-66,10.0,37,1
PAIR,run04,outdoor_los,50,100,922.000,7,125,4/5,14,43649,43940,-67,9.75,-66,10.0,37,1
PAIR,run04,outdoor_los,51,100,922.000,7,125,4/5,14,44195,44485,-67,9.5,-65,10.25,37,1
PAIR,run04,outdoor_los,52,100,922.000,7,125,4/5,14,44740,45030,-67,9.25,-66,9.75,37,1
PAIR,run04,outdoor_los,53,100,922.000,7,125,4/5,14,45285,45575,-67,9.75,-66,9.5,37,1
PAIR,run04,outdoor_los,54,100,922.000,7,125,4/5,14,45830,46126,-67,10.25,-66,10.0,37,1
PAIR,run04,outdoor_los,55,100,922.000,7,125,4/5,14,46381,46671,-68,9.25,-66,9.75,37,1
PAIR,run04,outdoor_los,56,100,922.000,7,125,4/5,14,46926,47217,-67,9.75,-66,9.25,37,1
PAIR,run04,outdoor_los,57,100,922.000,7,125,4/5,14,47472,47762,-67,9.5,-66,9.75,37,1
PAIR,run04,outdoor_los,58,100,922.000,7,125,4/5,14,48017,48307,-67,9.75,-66,9.5,37,1
PAIR,run04,outdoor_los,59,100,922.000,7,125,4/5,14,48562,48853,-67,9.5,-66,10.0,37,1
PAIR,run04,outdoor_los,60,100,922.000,7,125,4/5,14,49108,49398,-67,9.75,-66,9.75,37,1
PAIR,run04,outdoor_los,61,100,922.000,7,125,4/5,14,49653,49943,-67,9.5,-66,9.5,37,1
PAIR,run04,outdoor_los,62,100,922.000,7,125,4/5,14,50198,50488,-67,9.5,-66,9.5,37,1
PAIR,run04,outdoor_los,63,100,922.000,7,125,4/5,14,50743,52837,,,,,37,0
PAIR,run04,outdoor_los,64,100,922.000,7,125,4/5,14,53089,53379,-67,9.5,-66,9.75,37,1
PAIR,run04,outdoor_los,65,100,922.000,7,125,4/5,14,53635,53925,-67,9.5,-66,10.0,37,1
PAIR,run04,outdoor_los,66,100,922.000,7,125,4/5,14,54180,54470,-67,10.0,-66,9.5,37,1
PAIR,run04,outdoor_los,67,100,922.000,7,125,4/5,14,54725,55015,-68,9.75,-67,9.5,37,1
PAIR,run04,outdoor_los,68,100,922.000,7,125,4/5,14,55271,55561,-68,9.25,-67,9.5,37,1
PAIR,run04,outdoor_los,69,100,922.000,7,125,4/5,14,55816,56108,-68,9.5,-66,9.5,37,1
PAIR,run04,outdoor_los,70,100,922.000,7,125,4/5,14,56363,56653,-69,9.5,-68,9.25,37,1
PAIR,run04,outdoor_los,71,100,922.000,7,125,4/5,14,56908,57198,-68,10.0,-67,9.5,37,1
PAIR,run04,outdoor_los,72,100,922.000,7,125,4/5,14,57453,57743,-67,9.75,-66,9.5,37,1
PAIR,run04,outdoor_los,73,100,922.000,7,125,4/5,14,57998,58289,-67,9.75,-66,9.0,37,1
PAIR,run04,outdoor_los,74,100,922.000,7,125,4/5,14,58544,58834,-68,9.5,-67,9.25,37,1
PAIR,run04,outdoor_los,75,100,922.000,7,125,4/5,14,59089,59379,-68,9.5,-67,9.5,37,1
PAIR,run04,outdoor_los,76,100,922.000,7,125,4/5,14,59634,59924,-68,9.5,-67,9.25,37,1
PAIR,run04,outdoor_los,77,100,922.000,7,125,4/5,14,60180,60470,-69,9.25,-67,9.75,37,1
PAIR,run04,outdoor_los,78,100,922.000,7,125,4/5,14,60726,61019,-68,9.75,-67,9.0,37,1
PAIR,run04,outdoor_los,79,100,922.000,7,125,4/5,14,61274,61566,-69,9.75,-66,9.25,37,1
PAIR,run04,outdoor_los,80,100,922.000,7,125,4/5,14,61821,62113,-67,9.5,-66,9.5,37,1
PAIR,run04,outdoor_los,81,100,922.000,7,125,4/5,14,62368,62659,-68,9.75,-66,9.75,37,1
PAIR,run04,outdoor_los,82,100,922.000,7,125,4/5,14,62914,63204,-68,9.75,-66,9.5,37,1
PAIR,run04,outdoor_los,83,100,922.000,7,125,4/5,14,63459,63750,-68,10.0,-66,9.75,37,1
PAIR,run04,outdoor_los,84,100,922.000,7,125,4/5,14,64005,64300,-68,10.25,-66,9.5,37,1
PAIR,run04,outdoor_los,85,100,922.000,7,125,4/5,14,64555,64846,-68,9.75,-67,9.75,37,1
PAIR,run04,outdoor_los,86,100,922.000,7,125,4/5,14,65102,65392,-69,9.75,-68,9.75,37,1
PAIR,run04,outdoor_los,87,100,922.000,7,125,4/5,14,65647,65937,-67,9.75,-65,9.75,37,1
PAIR,run04,outdoor_los,88,100,922.000,7,125,4/5,14,66192,66482,-67,10.0,-65,9.5,37,1
PAIR,run04,outdoor_los,89,100,922.000,7,125,4/5,14,66737,67027,-67,9.5,-65,9.5,37,1
PAIR,run04,outdoor_los,90,100,922.000,7,125,4/5,14,67283,67573,-67,9.25,-65,9.5,37,1
PAIR,run04,outdoor_los,91,100,922.000,7,125,4/5,14,67828,68118,-67,9.25,-65,9.25,37,1
PAIR,run04,outdoor_los,92,100,922.000,7,125,4/5,14,68373,68663,-68,9.75,-66,9.75,37,1
PAIR,run04,outdoor_los,93,100,922.000,7,125,4/5,14,68919,69209,-67,9.5,-65,9.5,37,1
PAIR,run04,outdoor_los,94,100,922.000,7,125,4/5,14,69465,69756,-68,10.0,-66,9.5,37,1
PAIR,run04,outdoor_los,95,100,922.000,7,125,4/5,14,70011,70301,-66,9.25,-66,9.5,37,1
PAIR,run04,outdoor_los,96,100,922.000,7,125,4/5,14,70556,70846,-66,9.75,-66,9.25,37,1
PAIR,run04,outdoor_los,97,100,922.000,7,125,4/5,14,71101,71391,-67,10.0,-66,9.75,37,1
PAIR,run04,outdoor_los,98,100,922.000,7,125,4/5,14,71646,71937,-66,9.75,-65,9.5,37,1
PAIR,run04,outdoor_los,99,100,922.000,7,125,4/5,14,72192,72482,-66,9.5,-65,9.5,37,1
PAIR,run04,outdoor_los,100,100,922.000,7,125,4/5,14,72737,73027,-66,9.5,-65,9.75,38,1
PAIR,run04,outdoor_los,101,100,922.000,7,125,4/5,14,73282,73577,-66,10.5,-65,9.25,38,1
PAIR,run04,outdoor_los,102,100,922.000,7,125,4/5,14,73833,74125,-66,9.5,-65,9.5,38,1
PAIR,run04,outdoor_los,103,100,922.000,7,125,4/5,14,74380,74676,-66,10.0,-66,9.5,38,1
PAIR,run04,outdoor_los,104,100,922.000,7,125,4/5,14,74931,75226,-66,11.0,-65,9.75,38,1
PAIR,run04,outdoor_los,105,100,922.000,7,125,4/5,14,75481,75777,-67,9.25,-65,9.75,38,1
PAIR,run04,outdoor_los,106,100,922.000,7,125,4/5,14,76032,76327,-67,10.5,-65,9.5,38,1
PAIR,run04,outdoor_los,107,100,922.000,7,125,4/5,14,76582,76878,-66,9.25,-65,9.75,38,1
PAIR,run04,outdoor_los,108,100,922.000,7,125,4/5,14,77133,77424,-67,9.5,-66,9.75,38,1
PAIR,run04,outdoor_los,109,100,922.000,7,125,4/5,14,77679,77969,-67,9.5,-65,9.75,38,1
PAIR,run04,outdoor_los,110,100,922.000,7,125,4/5,14,78224,78520,-66,10.25,-66,9.5,38,1
PAIR,run04,outdoor_los,111,100,922.000,7,125,4/5,14,78775,79070,-66,9.75,-65,9.75,38,1
PAIR,run04,outdoor_los,112,100,922.000,7,125,4/5,14,79325,79621,-67,9.75,-65,9.75,38,1
PAIR,run04,outdoor_los,113,100,922.000,7,125,4/5,14,79876,80172,-66,12.25,-66,9.5,38,1
PAIR,run04,outdoor_los,114,100,922.000,7,125,4/5,14,80427,80717,-68,9.5,-65,9.5,38,1
PAIR,run04,outdoor_los,115,100,922.000,7,125,4/5,14,80972,81262,-68,9.5,-67,9.75,38,1
PAIR,run04,outdoor_los,116,100,922.000,7,125,4/5,14,81518,81813,-67,9.75,-67,9.25,38,1
PAIR,run04,outdoor_los,117,100,922.000,7,125,4/5,14,82070,82365,-67,9.75,-66,10.0,38,1
PAIR,run04,outdoor_los,118,100,922.000,7,125,4/5,14,82620,82911,-67,9.5,-67,10.0,38,1
PAIR,run04,outdoor_los,119,100,922.000,7,125,4/5,14,83166,83461,-69,9.25,-67,9.75,38,1
PAIR,run04,outdoor_los,120,100,922.000,7,125,4/5,14,83716,84012,-69,10.0,-67,9.5,38,1
PAIR,run04,outdoor_los,121,100,922.000,7,125,4/5,14,84267,84562,-69,10.25,-66,9.5,38,1
PAIR,run04,outdoor_los,122,100,922.000,7,125,4/5,14,84817,85113,-67,9.75,-66,10.0,38,1
PAIR,run04,outdoor_los,123,100,922.000,7,125,4/5,14,85368,85659,-69,9.5,-67,9.25,38,1
PAIR,run04,outdoor_los,124,100,922.000,7,125,4/5,14,85914,86210,-68,10.0,-66,9.75,38,1
PAIR,run04,outdoor_los,125,100,922.000,7,125,4/5,14,86465,86760,-68,9.75,-67,9.75,38,1
PAIR,run04,outdoor_los,126,100,922.000,7,125,4/5,14,87015,87312,-68,10.5,-68,9.5,38,1
PAIR,run04,outdoor_los,127,100,922.000,7,125,4/5,14,87567,87857,-69,9.5,-68,9.5,38,1
PAIR,run04,outdoor_los,128,100,922.000,7,125,4/5,14,88112,88408,-68,10.75,-68,9.75,38,1
PAIR,run04,outdoor_los,129,100,922.000,7,125,4/5,14,88663,88959,-68,10.0,-66,10.0,38,1
PAIR,run04,outdoor_los,130,100,922.000,7,125,4/5,14,89214,89509,-69,10.0,-67,9.25,38,1
PAIR,run04,outdoor_los,131,100,922.000,7,125,4/5,14,89765,90061,-68,10.5,-68,9.5,38,1
PAIR,run04,outdoor_los,132,100,922.000,7,125,4/5,14,90316,90611,-69,10.0,-67,9.5,38,1
PAIR,run04,outdoor_los,133,100,922.000,7,125,4/5,14,90866,91161,-69,9.25,-67,9.5,38,1
PAIR,run04,outdoor_los,134,100,922.000,7,125,4/5,14,91416,91711,-69,10.0,-67,9.75,38,1
PAIR,run04,outdoor_los,135,100,922.000,7,125,4/5,14,91966,92256,-70,9.5,-67,9.75,38,1
PAIR,run04,outdoor_los,136,100,922.000,7,125,4/5,14,92512,92807,-69,9.75,-67,9.5,38,1
PAIR,run04,outdoor_los,137,100,922.000,7,125,4/5,14,93062,93358,-69,10.0,-67,9.75,38,1
PAIR,run04,outdoor_los,138,100,922.000,7,125,4/5,14,93613,93909,-69,9.75,-67,9.75,38,1
PAIR,run04,outdoor_los,139,100,922.000,7,125,4/5,14,94165,94461,-69,9.75,-67,9.5,38,1
PAIR,run04,outdoor_los,140,100,922.000,7,125,4/5,14,94716,95011,-69,9.25,-67,10.0,38,1
PAIR,run04,outdoor_los,141,100,922.000,7,125,4/5,14,95266,95562,-69,9.75,-67,9.25,38,1
PAIR,run04,outdoor_los,142,100,922.000,7,125,4/5,14,95817,96107,-69,9.5,-67,10.0,38,1
PAIR,run04,outdoor_los,143,100,922.000,7,125,4/5,14,96362,96658,-69,10.25,-67,9.5,38,1
PAIR,run04,outdoor_los,144,100,922.000,7,125,4/5,14,96913,97208,-69,9.75,-67,9.75,38,1
PAIR,run04,outdoor_los,145,100,922.000,7,125,4/5,14,97464,97759,-69,10.0,-67,9.5,38,1
PAIR,run04,outdoor_los,146,100,922.000,7,125,4/5,14,98015,98312,-68,9.25,-67,9.75,38,1
PAIR,run04,outdoor_los,147,100,922.000,7,125,4/5,14,98567,98862,-69,10.0,-67,9.75,38,1
PAIR,run04,outdoor_los,148,100,922.000,7,125,4/5,14,99117,99408,-69,9.5,-67,9.75,38,1
PAIR,run04,outdoor_los,149,100,922.000,7,125,4/5,14,99663,99958,-69,9.75,-67,9.75,38,1
PAIR,run04,outdoor_los,150,100,922.000,7,125,4/5,14,100213,100509,-69,10.25,-67,10.0,39,1
PAIR,run04,outdoor_los,151,100,922.000,7,125,4/5,14,100764,101059,-69,9.75,-66,10.0,39,1
PAIR,run04,outdoor_los,152,100,922.000,7,125,4/5,14,101315,101605,-69,9.5,-67,9.5,39,1
PAIR,run04,outdoor_los,153,100,922.000,7,125,4/5,14,101860,102156,-69,9.75,-67,10.0,39,1
PAIR,run04,outdoor_los,154,100,922.000,7,125,4/5,14,102411,102706,-69,10.0,-67,9.5,39,1
PAIR,run04,outdoor_los,155,100,922.000,7,125,4/5,14,102962,103257,-70,9.75,-68,9.75,39,1
PAIR,run04,outdoor_los,156,100,922.000,7,125,4/5,14,103512,103809,-69,10.0,-67,9.75,39,1
PAIR,run04,outdoor_los,157,100,922.000,7,125,4/5,14,104064,104360,-69,10.0,-67,9.75,39,1
PAIR,run04,outdoor_los,158,100,922.000,7,125,4/5,14,104615,104910,-69,9.25,-68,10.0,39,1
PAIR,run04,outdoor_los,159,100,922.000,7,125,4/5,14,105165,105461,-69,9.75,-67,10.25,39,1
PAIR,run04,outdoor_los,160,100,922.000,7,125,4/5,14,105716,106012,-70,9.25,-69,9.75,39,1
PAIR,run04,outdoor_los,161,100,922.000,7,125,4/5,14,106268,106562,-70,9.5,-67,10.25,39,1
PAIR,run04,outdoor_los,162,100,922.000,7,125,4/5,14,106818,107113,-69,9.5,-68,10.25,39,1
PAIR,run04,outdoor_los,163,100,922.000,7,125,4/5,14,107368,107664,-68,9.75,-68,9.5,39,1
PAIR,run04,outdoor_los,164,100,922.000,7,125,4/5,14,107919,108214,-68,10.0,-66,9.5,39,1
PAIR,run04,outdoor_los,165,100,922.000,7,125,4/5,14,108469,108765,-69,9.5,-67,9.5,39,1
PAIR,run04,outdoor_los,166,100,922.000,7,125,4/5,14,109020,109316,-69,10.0,-67,9.75,39,1
PAIR,run04,outdoor_los,167,100,922.000,7,125,4/5,14,109571,109868,-69,9.75,-66,9.75,39,1
PAIR,run04,outdoor_los,168,100,922.000,7,125,4/5,14,110123,110419,-69,9.5,-66,9.25,39,1
PAIR,run04,outdoor_los,169,100,922.000,7,125,4/5,14,110674,110969,-69,10.0,-66,10.0,39,1
PAIR,run04,outdoor_los,170,100,922.000,7,125,4/5,14,111224,111520,-69,9.75,-67,9.75,39,1
PAIR,run04,outdoor_los,171,100,922.000,7,125,4/5,14,111775,112070,-69,9.5,-66,9.75,39,1
PAIR,run04,outdoor_los,172,100,922.000,7,125,4/5,14,112325,112621,-69,10.0,-66,9.5,39,1
PAIR,run04,outdoor_los,173,100,922.000,7,125,4/5,14,112876,113172,-69,9.25,-66,9.5,39,1
PAIR,run04,outdoor_los,174,100,922.000,7,125,4/5,14,113427,113723,-69,9.5,-66,9.5,39,1
PAIR,run04,outdoor_los,175,100,922.000,7,125,4/5,14,113979,114275,-69,9.5,-66,9.5,39,1
PAIR,run04,outdoor_los,176,100,922.000,7,125,4/5,14,114530,114825,-69,9.25,-66,10.0,39,1
PAIR,run04,outdoor_los,177,100,922.000,7,125,4/5,14,115080,115376,-69,9.5,-66,9.5,39,1
PAIR,run04,outdoor_los,178,100,922.000,7,125,4/5,14,115631,115927,-69,9.25,-66,9.75,39,1
PAIR,run04,outdoor_los,179,100,922.000,7,125,4/5,14,116182,116477,-69,10.0,-67,9.5,39,1
PAIR,run04,outdoor_los,180,100,922.000,7,125,4/5,14,116732,117028,-68,10.0,-67,9.75,39,1
PAIR,run04,outdoor_los,181,100,922.000,7,125,4/5,14,117283,117581,-69,9.5,-67,9.75,39,1
PAIR,run04,outdoor_los,182,100,922.000,7,125,4/5,14,117837,118133,-69,9.75,-66,10.0,39,1
PAIR,run04,outdoor_los,183,100,922.000,7,125,4/5,14,118389,118684,-69,9.5,-67,10.0,39,1
PAIR,run04,outdoor_los,184,100,922.000,7,125,4/5,14,118939,121030,,,,,39,0
PAIR,run04,outdoor_los,185,100,922.000,7,125,4/5,14,121283,121580,-68,9.75,-67,9.5,39,1
PAIR,run04,outdoor_los,186,100,922.000,7,125,4/5,14,121836,122131,-69,9.75,-66,9.5,39,1
PAIR,run04,outdoor_los,187,100,922.000,7,125,4/5,14,122386,122681,-69,9.5,-66,9.75,39,1
PAIR,run04,outdoor_los,188,100,922.000,7,125,4/5,14,122936,123232,-69,9.75,-66,9.5,39,1
PAIR,run04,outdoor_los,189,100,922.000,7,125,4/5,14,123487,123782,-69,9.75,-67,9.5,39,1
PAIR,run04,outdoor_los,190,100,922.000,7,125,4/5,14,124037,124333,-69,9.5,-66,9.75,39,1
PAIR,run04,outdoor_los,191,100,922.000,7,125,4/5,14,124588,124884,-68,10.0,-67,9.75,39,1
PAIR,run04,outdoor_los,192,100,922.000,7,125,4/5,14,125139,125435,-69,9.75,-66,9.75,39,1
PAIR,run04,outdoor_los,193,100,922.000,7,125,4/5,14,125690,125985,-69,9.75,-66,9.75,39,1
PAIR,run04,outdoor_los,194,100,922.000,7,125,4/5,14,126240,126536,-69,9.75,-66,9.75,39,1
PAIR,run04,outdoor_los,195,100,922.000,7,125,4/5,14,126791,127087,-69,9.75,-67,10.0,39,1
PAIR,run04,outdoor_los,196,100,922.000,7,125,4/5,14,127342,127637,-69,9.5,-66,9.5,39,1
PAIR,run04,outdoor_los,197,100,922.000,7,125,4/5,14,127892,128188,-69,9.75,-67,9.75,39,1
PAIR,run04,outdoor_los,198,100,922.000,7,125,4/5,14,128443,128738,-69,9.25,-66,9.75,39,1
PAIR,run04,outdoor_los,199,100,922.000,7,125,4/5,14,128994,129289,-68,9.75,-67,9.75,39,1
PAIR,run04,outdoor_los,200,100,922.000,7,125,4/5,14,129544,129840,-69,9.75,-67,9.75,39,1
PAIR,run04,outdoor_los,201,100,922.000,7,125,4/5,14,130095,130391,-68,10.25,-66,10.0,39,1
PAIR,run04,outdoor_los,202,100,922.000,7,125,4/5,14,130646,130941,-69,10.25,-67,9.5,39,1
PAIR,run04,outdoor_los,203,100,922.000,7,125,4/5,14,131196,131492,-69,8.75,-66,9.75,39,1
PAIR,run04,outdoor_los,204,100,922.000,7,125,4/5,14,131747,132042,-69,9.5,-66,9.5,39,1
PAIR,run04,outdoor_los,205,100,922.000,7,125,4/5,14,132298,132593,-69,10.0,-66,9.75,39,1
PAIR,run04,outdoor_los,206,100,922.000,7,125,4/5,14,132848,133145,-69,9.75,-66,10.0,39,1
PAIR,run04,outdoor_los,207,100,922.000,7,125,4/5,14,133400,133696,-69,9.5,-66,10.0,39,1
PAIR,run04,outdoor_los,208,100,922.000,7,125,4/5,14,133951,134247,-69,10.0,-67,9.75,39,1
PAIR,run04,outdoor_los,209,100,922.000,7,125,4/5,14,134502,134797,-69,9.75,-66,10.25,39,1
PAIR,run04,outdoor_los,210,100,922.000,7,125,4/5,14,135052,135348,-69,9.0,-66,9.75,39,1
PAIR,run04,outdoor_los,211,100,922.000,7,125,4/5,14,135603,135900,-69,9.5,-67,9.5,39,1
PAIR,run04,outdoor_los,212,100,922.000,7,125,4/5,14,136155,138246,,,,,39,0
PAIR,run04,outdoor_los,213,100,922.000,7,125,4/5,14,138499,138794,-68,9.5,-66,9.5,39,1
PAIR,run04,outdoor_los,214,100,922.000,7,125,4/5,14,139049,139345,-69,9.75,-67,10.0,39,1
PAIR,run04,outdoor_los,215,100,922.000,7,125,4/5,14,139600,139897,-69,9.75,-66,10.0,39,1
PAIR,run04,outdoor_los,216,100,922.000,7,125,4/5,14,140152,140448,-69,9.25,-67,9.25,39,1
PAIR,run04,outdoor_los,217,100,922.000,7,125,4/5,14,140703,140999,-69,9.25,-67,9.75,39,1
PAIR,run04,outdoor_los,218,100,922.000,7,125,4/5,14,141254,141549,-69,9.5,-67,9.25,39,1
PAIR,run04,outdoor_los,219,100,922.000,7,125,4/5,14,141804,142100,-68,9.75,-67,9.5,39,1
PAIR,run04,outdoor_los,220,100,922.000,7,125,4/5,14,142355,142651,-69,9.5,-66,9.75,39,1
PAIR,run04,outdoor_los,221,100,922.000,7,125,4/5,14,142906,143201,-69,10.0,-66,9.75,39,1
PAIR,run04,outdoor_los,222,100,922.000,7,125,4/5,14,143456,143752,-69,9.5,-66,10.0,39,1
PAIR,run04,outdoor_los,223,100,922.000,7,125,4/5,14,144007,144303,-69,10.0,-67,9.25,39,1
PAIR,run04,outdoor_los,224,100,922.000,7,125,4/5,14,144558,144854,-69,10.25,-66,9.75,39,1
PAIR,run04,outdoor_los,225,100,922.000,7,125,4/5,14,145109,145404,-69,9.5,-67,9.25,39,1
PAIR,run04,outdoor_los,226,100,922.000,7,125,4/5,14,145659,145955,-69,9.5,-67,10.25,39,1
PAIR,run04,outdoor_los,227,100,922.000,7,125,4/5,14,146210,146506,-69,9.75,-66,9.5,39,1
PAIR,run04,outdoor_los,228,100,922.000,7,125,4/5,14,146761,147056,-69,9.25,-67,9.5,39,1
PAIR,run04,outdoor_los,229,100,922.000,7,125,4/5,14,147311,147607,-69,9.25,-67,9.5,39,1
PAIR,run04,outdoor_los,230,100,922.000,7,125,4/5,14,147862,148157,-69,9.75,-66,10.25,39,1
PAIR,run04,outdoor_los,231,100,922.000,7,125,4/5,14,148413,148708,-69,9.5,-67,9.5,39,1
PAIR,run04,outdoor_los,232,100,922.000,7,125,4/5,14,148963,149259,-69,9.75,-68,9.5,39,1
PAIR,run04,outdoor_los,233,100,922.000,7,125,4/5,14,149514,149810,-68,10.0,-66,9.5,39,1
PAIR,run04,outdoor_los,234,100,922.000,7,125,4/5,14,150065,150360,-69,9.75,-66,9.75,39,1
PAIR,run04,outdoor_los,235,100,922.000,7,125,4/5,14,150615,150911,-69,9.5,-67,9.5,39,1
PAIR,run04,outdoor_los,236,100,922.000,7,125,4/5,14,151166,151462,-69,9.5,-67,9.75,39,1
PAIR,run04,outdoor_los,237,100,922.000,7,125,4/5,14,151717,152012,-68,10.0,-66,9.75,39,1
PAIR,run04,outdoor_los,238,100,922.000,7,125,4/5,14,152268,152564,-69,9.5,-66,9.5,39,1
PAIR,run04,outdoor_los,239,100,922.000,7,125,4/5,14,152819,153115,-69,9.5,-67,9.5,39,1
PAIR,run04,outdoor_los,240,100,922.000,7,125,4/5,14,153370,153666,-69,9.75,-66,9.5,39,1
PAIR,run04,outdoor_los,241,100,922.000,7,125,4/5,14,153921,154218,-69,9.75,-67,9.5,39,1
PAIR,run04,outdoor_los,242,100,922.000,7,125,4/5,14,154473,154768,-69,9.75,-66,9.75,39,1
PAIR,run04,outdoor_los,243,100,922.000,7,125,4/5,14,155023,155319,-69,9.5,-66,9.75,39,1
PAIR,run04,outdoor_los,244,100,922.000,7,125,4/5,14,155574,155870,-69,9.5,-66,9.5,39,1
PAIR,run04,outdoor_los,245,100,922.000,7,125,4/5,14,156125,156421,-69,9.25,-66,10.0,39,1
PAIR,run04,outdoor_los,246,100,922.000,7,125,4/5,14,156676,156972,-69,9.5,-66,9.5,39,1
PAIR,run04,outdoor_los,247,100,922.000,7,125,4/5,14,157227,157522,-70,9.5,-66,9.5,39,1
PAIR,run04,outdoor_los,248,100,922.000,7,125,4/5,14,157777,158072,-69,9.5,-68,10.0,39,1
PAIR,run04,outdoor_los,249,100,922.000,7,125,4/5,14,158327,158623,-70,9.5,-68,10.0,39,1
PAIR,run04,outdoor_los,250,100,922.000,7,125,4/5,14,158878,159174,-71,9.75,-69,9.75,39,1
PAIR,run04,outdoor_los,251,100,922.000,7,125,4/5,14,159429,159724,-70,9.75,-69,9.75,39,1
PAIR,run04,outdoor_los,252,100,922.000,7,125,4/5,14,159980,160275,-70,9.5,-68,9.75,39,1
PAIR,run04,outdoor_los,253,100,922.000,7,125,4/5,14,160532,160827,-70,9.25,-68,10.0,39,1
PAIR,run04,outdoor_los,254,100,922.000,7,125,4/5,14,161082,161378,-71,9.5,-68,10.0,39,1
PAIR,run04,outdoor_los,255,100,922.000,7,125,4/5,14,161633,161928,-70,9.75,-68,9.75,39,1
PAIR,run04,outdoor_los,256,100,922.000,7,125,4/5,14,162184,162479,-70,9.5,-68,9.75,39,1
PAIR,run04,outdoor_los,257,100,922.000,7,125,4/5,14,162734,163030,-70,9.75,-67,10.0,39,1
PAIR,run04,outdoor_los,258,100,922.000,7,125,4/5,14,163285,163580,-70,9.5,-68,9.75,39,1
PAIR,run04,outdoor_los,259,100,922.000,7,125,4/5,14,163836,164131,-70,9.5,-68,10.0,39,1
PAIR,run04,outdoor_los,260,100,922.000,7,125,4/5,14,164388,164684,-71,9.5,-67,9.75,39,1
PAIR,run04,outdoor_los,261,100,922.000,7,125,4/5,14,164939,165234,-70,9.0,-68,10.25,39,1
PAIR,run04,outdoor_los,262,100,922.000,7,125,4/5,14,165489,165785,-71,9.25,-68,10.5,39,1
PAIR,run04,outdoor_los,263,100,922.000,7,125,4/5,14,166040,166335,-70,9.25,-69,10.0,39,1
PAIR,run04,outdoor_los,264,100,922.000,7,125,4/5,14,166590,166886,-71,9.25,-69,9.75,39,1
PAIR,run04,outdoor_los,265,100,922.000,7,125,4/5,14,167141,167437,-71,9.5,-67,9.75,39,1
PAIR,run04,outdoor_los,266,100,922.000,7,125,4/5,14,167692,167988,-71,9.25,-67,9.5,39,1
PAIR,run04,outdoor_los,267,100,922.000,7,125,4/5,14,168243,168542,-69,9.25,-68,9.5,39,1
PAIR,run04,outdoor_los,268,100,922.000,7,125,4/5,14,168797,169092,-70,9.25,-68,9.75,39,1
PAIR,run04,outdoor_los,269,100,922.000,7,125,4/5,14,169348,171440,,,,,39,0
PAIR,run04,outdoor_los,270,100,922.000,7,125,4/5,14,171692,171990,-70,9.0,-67,10.0,39,1
PAIR,run04,outdoor_los,271,100,922.000,7,125,4/5,14,172245,172542,-69,9.0,-67,9.75,39,1
PAIR,run04,outdoor_los,272,100,922.000,7,125,4/5,14,172797,173092,-69,9.25,-66,9.75,39,1
PAIR,run04,outdoor_los,273,100,922.000,7,125,4/5,14,173347,173642,-69,9.25,-66,9.5,39,1
PAIR,run04,outdoor_los,274,100,922.000,7,125,4/5,14,173897,174193,-68,9.75,-66,9.75,39,1
PAIR,run04,outdoor_los,275,100,922.000,7,125,4/5,14,174448,174743,-68,9.25,-66,9.5,39,1
PAIR,run04,outdoor_los,276,100,922.000,7,125,4/5,14,174999,175294,-69,9.75,-66,9.75,39,1
PAIR,run04,outdoor_los,277,100,922.000,7,125,4/5,14,175549,175845,-68,9.75,-66,9.5,39,1
PAIR,run04,outdoor_los,278,100,922.000,7,125,4/5,14,176100,176396,-69,9.25,-67,9.75,39,1
PAIR,run04,outdoor_los,279,100,922.000,7,125,4/5,14,176651,176946,-69,9.5,-66,10.0,39,1
PAIR,run04,outdoor_los,280,100,922.000,7,125,4/5,14,177201,177497,-68,9.25,-66,9.75,39,1
PAIR,run04,outdoor_los,281,100,922.000,7,125,4/5,14,177752,178047,-69,9.5,-66,9.5,39,1
PAIR,run04,outdoor_los,282,100,922.000,7,125,4/5,14,178303,178598,-68,9.5,-67,9.75,39,1
PAIR,run04,outdoor_los,283,100,922.000,7,125,4/5,14,178853,179149,-68,9.75,-66,9.75,39,1
PAIR,run04,outdoor_los,284,100,922.000,7,125,4/5,14,179404,179701,-67,9.75,-67,9.75,39,1
PAIR,run04,outdoor_los,285,100,922.000,7,125,4/5,14,179956,180252,-69,9.5,-66,9.75,39,1
PAIR,run04,outdoor_los,286,100,922.000,7,125,4/5,14,180507,180802,-69,9.5,-66,9.75,39,1
PAIR,run04,outdoor_los,287,100,922.000,7,125,4/5,14,181057,181353,-69,9.5,-66,10.0,39,1
PAIR,run04,outdoor_los,288,100,922.000,7,125,4/5,14,181608,181903,-68,9.75,-66,10.0,39,1
PAIR,run04,outdoor_los,289,100,922.000,7,125,4/5,14,182159,182454,-68,10.0,-66,9.75,39,1
PAIR,run04,outdoor_los,290,100,922.000,7,125,4/5,14,182709,183005,-68,9.75,-66,9.25,39,1
PAIR,run04,outdoor_los,291,100,922.000,7,125,4/5,14,183260,183557,-68,9.25,-66,10.0,39,1
PAIR,run04,outdoor_los,292,100,922.000,7,125,4/5,14,183812,184108,-69,9.5,-66,9.75,39,1
PAIR,run04,outdoor_los,293,100,922.000,7,125,4/5,14,184363,184658,-68,9.75,-66,9.5,39,1
PAIR,run04,outdoor_los,294,100,922.000,7,125,4/5,14,184913,185209,-69,9.5,-67,10.0,39,1
PAIR,run04,outdoor_los,295,100,922.000,7,125,4/5,14,185464,185760,-69,9.25,-67,9.5,39,1
PAIR,run04,outdoor_los,296,100,922.000,7,125,4/5,14,186015,186312,-69,9.25,-66,9.75,39,1
PAIR,run04,outdoor_los,297,100,922.000,7,125,4/5,14,186567,186864,-69,9.75,-66,10.0,39,1
PAIR,run04,outdoor_los,298,100,922.000,7,125,4/5,14,187119,187416,-68,9.75,-67,9.75,39,1
PAIR,run04,outdoor_los,299,100,922.000,7,125,4/5,14,187671,187966,-69,9.5,-67,9.5,39,1
PAIR,run04,outdoor_los,300,100,922.000,7,125,4/5,14,188221,188516,-69,9.5,-66,9.5,39,1
PAIR,run04,outdoor_los,301,100,922.000,7,125,4/5,14,188771,189067,-69,9.5,-66,9.75,39,1
PAIR,run04,outdoor_los,302,100,922.000,7,125,4/5,14,189322,189618,-68,9.5,-67,9.75,39,1
PAIR,run04,outdoor_los,303,100,922.000,7,125,4/5,14,189873,190168,-69,9.75,-67,9.5,39,1
PAIR,run04,outdoor_los,304,100,922.000,7,125,4/5,14,190423,190719,-68,9.5,-67,9.75,39,1
PAIR,run04,outdoor_los,305,100,922.000,7,125,4/5,14,190974,191270,-68,10.25,-66,9.5,39,1
PAIR,run04,outdoor_los,306,100,922.000,7,125,4/5,14,191526,191822,-69,9.25,-66,10.0,39,1
PAIR,run04,outdoor_los,307,100,922.000,7,125,4/5,14,192077,192373,-69,10.75,-66,9.75,39,1
PAIR,run04,outdoor_los,308,100,922.000,7,125,4/5,14,192628,192923,-69,9.75,-66,9.75,39,1
PAIR,run04,outdoor_los,309,100,922.000,7,125,4/5,14,193178,193474,-68,10.25,-67,9.75,39,1
PAIR,run04,outdoor_los,310,100,922.000,7,125,4/5,14,193729,194024,-68,9.5,-68,9.75,39,1
PAIR,run04,outdoor_los,311,100,922.000,7,125,4/5,14,194280,194575,-69,9.5,-67,9.25,39,1
PAIR,run04,outdoor_los,312,100,922.000,7,125,4/5,14,194830,195126,-69,9.25,-67,10.25,39,1
PAIR,run04,outdoor_los,313,100,922.000,7,125,4/5,14,195383,195678,-68,9.75,-67,9.5,39,1
PAIR,run04,outdoor_los,314,100,922.000,7,125,4/5,14,195933,196229,-69,9.75,-67,9.5,39,1
PAIR,run04,outdoor_los,315,100,922.000,7,125,4/5,14,196484,196780,-69,8.75,-67,9.75,39,1
PAIR,run04,outdoor_los,316,100,922.000,7,125,4/5,14,197035,197330,-68,9.75,-67,9.75,39,1
PAIR,run04,outdoor_los,317,100,922.000,7,125,4/5,14,197585,197881,-70,9.5,-67,9.5,39,1
PAIR,run04,outdoor_los,318,100,922.000,7,125,4/5,14,198136,198431,-69,9.75,-67,9.5,39,1
PAIR,run04,outdoor_los,319,100,922.000,7,125,4/5,14,198687,198982,-69,9.5,-67,9.25,39,1
PAIR,run04,outdoor_los,320,100,922.000,7,125,4/5,14,199238,199535,-69,10.0,-67,9.5,39,1
PAIR,run04,outdoor_los,321,100,922.000,7,125,4/5,14,199790,200087,-68,9.75,-67,9.75,39,1
PAIR,run04,outdoor_los,322,100,922.000,7,125,4/5,14,200342,200638,-69,10.0,-66,9.5,39,1
PAIR,run04,outdoor_los,323,100,922.000,7,125,4/5,14,200893,201188,-69,10.0,-67,9.75,39,1
PAIR,run04,outdoor_los,324,100,922.000,7,125,4/5,14,201443,201738,-69,9.5,-66,9.5,39,1
PAIR,run04,outdoor_los,325,100,922.000,7,125,4/5,14,201993,202289,-69,9.75,-67,10.0,39,1
PAIR,run04,outdoor_los,326,100,922.000,7,125,4/5,14,202544,202840,-69,9.75,-67,10.0,39,1
PAIR,run04,outdoor_los,327,100,922.000,7,125,4/5,14,203095,203392,-69,9.75,-66,10.0,39,1
PAIR,run04,outdoor_los,328,100,922.000,7,125,4/5,14,203647,203943,-69,9.5,-67,9.75,39,1
PAIR,run04,outdoor_los,329,100,922.000,7,125,4/5,14,204198,204493,-69,9.75,-67,9.5,39,1
PAIR,run04,outdoor_los,330,100,922.000,7,125,4/5,14,204748,205044,-69,9.5,-67,9.5,39,1
PAIR,run04,outdoor_los,331,100,922.000,7,125,4/5,14,205299,205591,,,,,39,0
PAIR,run04,outdoor_los,332,100,922.000,7,125,4/5,14,205843,206139,-69,9.25,-66,9.75,39,1
PAIR,run04,outdoor_los,333,100,922.000,7,125,4/5,14,206394,206689,-69,9.25,-67,9.75,39,1
PAIR,run04,outdoor_los,334,100,922.000,7,125,4/5,14,206945,207242,-69,9.5,-67,9.25,39,1
PAIR,run04,outdoor_los,335,100,922.000,7,125,4/5,14,207497,207792,-69,9.25,-67,9.5,39,1
PAIR,run04,outdoor_los,336,100,922.000,7,125,4/5,14,208047,208343,-69,10.0,-67,9.5,39,1
PAIR,run04,outdoor_los,337,100,922.000,7,125,4/5,14,208598,208893,-69,10.0,-66,9.75,39,1
PAIR,run04,outdoor_los,338,100,922.000,7,125,4/5,14,209149,209444,-69,9.5,-67,9.75,39,1
PAIR,run04,outdoor_los,339,100,922.000,7,125,4/5,14,209699,209995,-69,10.0,-66,9.75,39,1
PAIR,run04,outdoor_los,340,100,922.000,7,125,4/5,14,210250,210545,-69,9.5,-66,9.75,39,1
PAIR,run04,outdoor_los,341,100,922.000,7,125,4/5,14,210801,211098,-69,9.5,-67,9.5,39,1
PAIR,run04,outdoor_los,342,100,922.000,7,125,4/5,14,211353,211648,-69,9.5,-67,9.75,39,1
PAIR,run04,outdoor_los,343,100,922.000,7,125,4/5,14,211903,212199,-69,9.25,-67,9.75,39,1
PAIR,run04,outdoor_los,344,100,922.000,7,125,4/5,14,212454,212749,-68,10.75,-67,9.75,39,1
PAIR,run04,outdoor_los,345,100,922.000,7,125,4/5,14,213005,213300,-69,9.75,-67,9.75,39,1
PAIR,run04,outdoor_los,346,100,922.000,7,125,4/5,14,213555,213851,-69,9.5,-67,9.5,39,1
PAIR,run04,outdoor_los,347,100,922.000,7,125,4/5,14,214106,214403,-69,9.5,-66,9.75,39,1
PAIR,run04,outdoor_los,348,100,922.000,7,125,4/5,14,214658,214957,-69,9.75,-67,9.5,39,1
PAIR,run04,outdoor_los,349,100,922.000,7,125,4/5,14,215212,215507,-68,9.75,-66,9.75,39,1
PAIR,run04,outdoor_los,350,100,922.000,7,125,4/5,14,215762,216058,-69,9.75,-67,9.25,39,1
PAIR,run04,outdoor_los,351,100,922.000,7,125,4/5,14,216313,216608,-69,9.25,-66,10.0,39,1
PAIR,run04,outdoor_los,352,100,922.000,7,125,4/5,14,216863,217159,-69,9.75,-67,9.5,39,1
PAIR,run04,outdoor_los,353,100,922.000,7,125,4/5,14,217414,217709,-69,9.5,-67,9.75,39,1
PAIR,run04,outdoor_los,354,100,922.000,7,125,4/5,14,217965,218260,-69,9.25,-67,9.5,39,1
PAIR,run04,outdoor_los,355,100,922.000,7,125,4/5,14,218516,218811,-68,9.25,-66,10.0,39,1
PAIR,run04,outdoor_los,356,100,922.000,7,125,4/5,14,219068,219363,-68,10.25,-67,9.5,39,1
PAIR,run04,outdoor_los,357,100,922.000,7,125,4/5,14,219618,219914,-68,8.75,-66,10.0,39,1
PAIR,run04,outdoor_los,358,100,922.000,7,125,4/5,14,220169,220464,-66,9.25,-65,9.25,39,1
PAIR,run04,outdoor_los,359,100,922.000,7,125,4/5,14,220719,221015,-66,9.5,-65,9.75,39,1
PAIR,run04,outdoor_los,360,100,922.000,7,125,4/5,14,221270,221566,-65,9.75,-64,10.0,39,1
PAIR,run04,outdoor_los,361,100,922.000,7,125,4/5,14,221821,222116,-66,9.75,-65,9.75,39,1
PAIR,run04,outdoor_los,362,100,922.000,7,125,4/5,14,222372,222667,-65,9.5,-65,9.75,39,1
PAIR,run04,outdoor_los,363,100,922.000,7,125,4/5,14,222924,225015,,,,,39,0
PAIR,run04,outdoor_los,364,100,922.000,7,125,4/5,14,225268,225563,-65,9.0,-64,9.75,39,1
PAIR,run04,outdoor_los,365,100,922.000,7,125,4/5,14,225819,226114,-65,9.5,-64,9.5,39,1
PAIR,run04,outdoor_los,366,100,922.000,7,125,4/5,14,226370,226665,-65,9.5,-64,9.75,39,1
PAIR,run04,outdoor_los,367,100,922.000,7,125,4/5,14,226920,227216,-65,9.5,-64,10.25,39,1
PAIR,run04,outdoor_los,368,100,922.000,7,125,4/5,14,227471,227766,-65,9.0,-64,9.75,39,1
PAIR,run04,outdoor_los,369,100,922.000,7,125,4/5,14,228021,228317,-65,9.75,-64,9.75,39,1
PAIR,run04,outdoor_los,370,100,922.000,7,125,4/5,14,228572,228868,-65,11.0,-64,9.75,39,1
PAIR,run04,outdoor_los,371,100,922.000,7,125,4/5,14,229123,229418,-65,9.5,-64,10.25,39,1
PAIR,run04,outdoor_los,372,100,922.000,7,125,4/5,14,229673,229969,-65,9.5,-64,9.5,39,1
PAIR,run04,outdoor_los,373,100,922.000,7,125,4/5,14,230224,230520,-64,9.5,-64,9.5,39,1
PAIR,run04,outdoor_los,374,100,922.000,7,125,4/5,14,230775,231070,-65,9.75,-64,9.75,39,1
PAIR,run04,outdoor_los,375,100,922.000,7,125,4/5,14,231325,231621,-65,9.25,-64,9.5,39,1
PAIR,run04,outdoor_los,376,100,922.000,7,125,4/5,14,231876,232172,-65,9.75,-64,9.75,39,1
PAIR,run04,outdoor_los,377,100,922.000,7,125,4/5,14,232427,232724,-65,9.25,-63,10.25,39,1
PAIR,run04,outdoor_los,378,100,922.000,7,125,4/5,14,232979,233276,-65,10.25,-64,9.25,39,1
PAIR,run04,outdoor_los,379,100,922.000,7,125,4/5,14,233531,233827,-65,9.75,-63,9.5,39,1
PAIR,run04,outdoor_los,380,100,922.000,7,125,4/5,14,234082,234379,-66,9.75,-64,9.5,39,1
PAIR,run04,outdoor_los,381,100,922.000,7,125,4/5,14,234634,234930,-65,9.25,-64,10.25,39,1
PAIR,run04,outdoor_los,382,100,922.000,7,125,4/5,14,235185,235480,-65,9.75,-64,9.5,39,1
PAIR,run04,outdoor_los,383,100,922.000,7,125,4/5,14,235735,236031,-65,9.5,-64,9.5,39,1
PAIR,run04,outdoor_los,384,100,922.000,7,125,4/5,14,236286,236582,-65,10.5,-64,9.75,39,1
PAIR,run04,outdoor_los,385,100,922.000,7,125,4/5,14,236837,237132,-65,10.25,-64,9.75,39,1
PAIR,run04,outdoor_los,386,100,922.000,7,125,4/5,14,237387,237683,-65,9.75,-64,9.25,39,1
PAIR,run04,outdoor_los,387,100,922.000,7,125,4/5,14,237938,238235,-65,9.75,-64,9.75,39,1
PAIR,run04,outdoor_los,388,100,922.000,7,125,4/5,14,238490,238786,-65,9.25,-64,9.25,39,1
PAIR,run04,outdoor_los,389,100,922.000,7,125,4/5,14,239041,239336,-65,9.75,-64,9.5,39,1
PAIR,run04,outdoor_los,390,100,922.000,7,125,4/5,14,239591,239887,-65,9.75,-64,9.25,39,1
PAIR,run04,outdoor_los,391,100,922.000,7,125,4/5,14,240142,240438,-65,9.5,-64,9.75,39,1
PAIR,run04,outdoor_los,392,100,922.000,7,125,4/5,14,240693,240988,-65,9.75,-65,9.5,39,1
PAIR,run04,outdoor_los,393,100,922.000,7,125,4/5,14,241243,241539,-65,9.5,-64,9.25,39,1
PAIR,run04,outdoor_los,394,100,922.000,7,125,4/5,14,241794,242091,-65,9.5,-64,10.0,39,1
PAIR,run04,outdoor_los,395,100,922.000,7,125,4/5,14,242346,242642,-65,9.5,-64,9.25,39,1
PAIR,run04,outdoor_los,396,100,922.000,7,125,4/5,14,242897,243192,-65,12.0,-64,9.5,39,1
PAIR,run04,outdoor_los,397,100,922.000,7,125,4/5,14,243448,243743,-65,9.5,-64,9.5,39,1
PAIR,run04,outdoor_los,398,100,922.000,7,125,4/5,14,243998,244294,-65,9.75,-65,9.5,39,1
PAIR,run04,outdoor_los,399,100,922.000,7,125,4/5,14,244549,244844,-65,9.5,-64,9.5,39,1
PAIR,run04,outdoor_los,400,100,922.000,7,125,4/5,14,245099,245395,-65,10.0,-64,9.5,39,1
PAIR,run04,outdoor_los,401,100,922.000,7,125,4/5,14,245650,245946,-65,9.75,-65,9.25,39,1
PAIR,run04,outdoor_los,402,100,922.000,7,125,4/5,14,246202,246500,-65,9.25,-65,9.5,39,1
PAIR,run04,outdoor_los,403,100,922.000,7,125,4/5,14,246755,247052,-66,9.5,-64,9.75,39,1
PAIR,run04,outdoor_los,404,100,922.000,7,125,4/5,14,247307,247603,-65,9.5,-64,9.75,39,1
PAIR,run04,outdoor_los,405,100,922.000,7,125,4/5,14,247858,248153,-65,9.75,-65,9.75,39,1
PAIR,run04,outdoor_los,406,100,922.000,7,125,4/5,14,248408,248704,-65,9.75,-65,9.25,39,1
PAIR,run04,outdoor_los,407,100,922.000,7,125,4/5,14,248959,249254,-65,9.75,-64,9.5,39,1
PAIR,run04,outdoor_los,408,100,922.000,7,125,4/5,14,249510,249805,-65,9.5,-64,9.5,39,1
PAIR,run04,outdoor_los,409,100,922.000,7,125,4/5,14,250061,250357,-65,9.25,-65,9.25,39,1
PAIR,run04,outdoor_los,410,100,922.000,7,125,4/5,14,250612,250907,-65,9.25,-65,9.5,39,1
PAIR,run04,outdoor_los,411,100,922.000,7,125,4/5,14,251162,251458,-65,9.75,-65,9.5,39,1
PAIR,run04,outdoor_los,412,100,922.000,7,125,4/5,14,251713,252009,-65,10.0,-64,9.25,39,1
PAIR,run04,outdoor_los,413,100,922.000,7,125,4/5,14,252264,252559,-65,9.75,-65,9.25,39,1
PAIR,run04,outdoor_los,414,100,922.000,7,125,4/5,14,252814,253110,-65,9.75,-65,9.25,39,1
PAIR,run04,outdoor_los,415,100,922.000,7,125,4/5,14,253365,253661,-65,9.5,-64,10.0,39,1
PAIR,run04,outdoor_los,416,100,922.000,7,125,4/5,14,253917,254213,-65,9.5,-65,9.75,39,1
PAIR,run04,outdoor_los,417,100,922.000,7,125,4/5,14,254468,254763,-65,9.5,-65,9.5,39,1
PAIR,run04,outdoor_los,418,100,922.000,7,125,4/5,14,255019,255314,-66,9.75,-65,9.5,39,1
PAIR,run04,outdoor_los,419,100,922.000,7,125,4/5,14,255569,255865,-66,9.75,-65,9.25,39,1
PAIR,run04,outdoor_los,420,100,922.000,7,125,4/5,14,256120,256415,-65,9.25,-65,9.5,39,1
PAIR,run04,outdoor_los,421,100,922.000,7,125,4/5,14,256670,256966,-66,9.5,-65,9.25,39,1
PAIR,run04,outdoor_los,422,100,922.000,7,125,4/5,14,257221,257517,-68,10.0,-68,9.5,39,1
PAIR,run04,outdoor_los,423,100,922.000,7,125,4/5,14,257772,258069,-70,9.5,-66,9.25,39,1
PAIR,run04,outdoor_los,424,100,922.000,7,125,4/5,14,258324,258620,-69,9.75,-65,10.25,39,1
PAIR,run04,outdoor_los,425,100,922.000,7,125,4/5,14,258875,259170,-69,10.25,-66,9.5,39,1
PAIR,run04,outdoor_los,426,100,922.000,7,125,4/5,14,259425,259721,-69,9.5,-66,10.0,39,1
PAIR,run04,outdoor_los,427,100,922.000,7,125,4/5,14,259976,260274,-69,9.5,-66,9.75,39,1
PAIR,run04,outdoor_los,428,100,922.000,7,125,4/5,14,260529,260826,-69,9.75,-67,9.5,39,1
PAIR,run04,outdoor_los,429,100,922.000,7,125,4/5,14,261081,261377,-69,9.75,-67,10.0,39,1
PAIR,run04,outdoor_los,430,100,922.000,7,125,4/5,14,261632,261929,-69,9.5,-67,9.75,39,1
PAIR,run04,outdoor_los,431,100,922.000,7,125,4/5,14,262184,262479,-69,9.25,-68,9.5,39,1
PAIR,run04,outdoor_los,432,100,922.000,7,125,4/5,14,262734,263030,-69,9.75,-66,9.75,39,1
PAIR,run04,outdoor_los,433,100,922.000,7,125,4/5,14,263285,263581,-69,9.25,-65,9.75,39,1
PAIR,run04,outdoor_los,434,100,922.000,7,125,4/5,14,263836,264131,-69,9.5,-66,9.25,39,1
PAIR,run04,outdoor_los,435,100,922.000,7,125,4/5,14,264386,264682,-69,9.75,-66,10.0,39,1
PAIR,run04,outdoor_los,436,100,922.000,7,125,4/5,14,264937,265233,-69,9.75,-67,10.0,39,1
PAIR,run04,outdoor_los,437,100,922.000,7,125,4/5,14,265488,265785,-68,9.75,-67,9.5,39,1
PAIR,run04,outdoor_los,438,100,922.000,7,125,4/5,14,266040,266336,-69,9.5,-67,9.75,39,1
PAIR,run04,outdoor_los,439,100,922.000,7,125,4/5,14,266591,266886,-69,9.25,-67,9.75,39,1
PAIR,run04,outdoor_los,440,100,922.000,7,125,4/5,14,267141,267437,-69,12.0,-67,10.0,39,1
PAIR,run04,outdoor_los,441,100,922.000,7,125,4/5,14,267692,267987,-69,9.75,-66,10.0,39,1
PAIR,run04,outdoor_los,442,100,922.000,7,125,4/5,14,268243,268538,-68,9.5,-67,9.5,39,1
PAIR,run04,outdoor_los,443,100,922.000,7,125,4/5,14,268794,269089,-68,9.5,-66,10.25,39,1
PAIR,run04,outdoor_los,444,100,922.000,7,125,4/5,14,269344,269640,-69,9.75,-66,9.75,39,1
PAIR,run04,outdoor_los,445,100,922.000,7,125,4/5,14,269895,270191,-68,10.0,-67,9.75,39,1
PAIR,run04,outdoor_los,446,100,922.000,7,125,4/5,14,270446,270741,-70,9.5,-66,9.75,39,1
PAIR,run04,outdoor_los,447,100,922.000,7,125,4/5,14,270996,271292,-70,9.25,-67,10.0,39,1
PAIR,run04,outdoor_los,448,100,922.000,7,125,4/5,14,271547,271842,-68,9.75,-67,10.0,39,1
PAIR,run04,outdoor_los,449,100,922.000,7,125,4/5,14,272098,272393,-69,9.75,-67,9.5,39,1
PAIR,run04,outdoor_los,450,100,922.000,7,125,4/5,14,272648,272944,-69,9.75,-67,9.25,39,1
PAIR,run04,outdoor_los,451,100,922.000,7,125,4/5,14,273199,273495,-69,9.5,-66,9.75,39,1
PAIR,run04,outdoor_los,452,100,922.000,7,125,4/5,14,273750,274048,-70,9.0,-67,9.75,39,1
PAIR,run04,outdoor_los,453,100,922.000,7,125,4/5,14,274303,274600,-70,9.25,-67,9.5,39,1
PAIR,run04,outdoor_los,454,100,922.000,7,125,4/5,14,274855,275151,-70,9.25,-68,9.75,39,1
PAIR,run04,outdoor_los,455,100,922.000,7,125,4/5,14,275406,275702,-70,9.5,-66,10.25,39,1
PAIR,run04,outdoor_los,456,100,922.000,7,125,4/5,14,275957,276252,-69,9.75,-67,9.5,39,1
PAIR,run04,outdoor_los,457,100,922.000,7,125,4/5,14,276507,276803,-69,9.5,-67,10.25,39,1
PAIR,run04,outdoor_los,458,100,922.000,7,125,4/5,14,277058,277354,-69,9.25,-67,9.25,39,1
PAIR,run04,outdoor_los,459,100,922.000,7,125,4/5,14,277609,277904,-69,9.75,-66,10.0,39,1
PAIR,run04,outdoor_los,460,100,922.000,7,125,4/5,14,278159,278455,-69,9.5,-66,10.25,39,1
PAIR,run04,outdoor_los,461,100,922.000,7,125,4/5,14,278710,279006,-69,9.5,-66,9.5,39,1
PAIR,run04,outdoor_los,462,100,922.000,7,125,4/5,14,279261,279556,-69,9.5,-67,9.5,39,1
PAIR,run04,outdoor_los,463,100,922.000,7,125,4/5,14,279811,280107,-69,10.0,-67,9.5,39,1
PAIR,run04,outdoor_los,464,100,922.000,7,125,4/5,14,280362,280658,-69,9.75,-66,9.5,39,1
PAIR,run04,outdoor_los,465,100,922.000,7,125,4/5,14,280913,281210,-69,9.75,-66,10.5,39,1
PAIR,run04,outdoor_los,466,100,922.000,7,125,4/5,14,281465,281760,-68,9.5,-66,9.75,39,1
PAIR,run04,outdoor_los,467,100,922.000,7,125,4/5,14,282015,282311,-68,9.5,-66,9.5,39,1
PAIR,run04,outdoor_los,468,100,922.000,7,125,4/5,14,282566,282862,-68,9.5,-66,9.25,39,1
PAIR,run04,outdoor_los,469,100,922.000,7,125,4/5,14,283117,283412,-68,10.0,-66,10.0,39,1
PAIR,run04,outdoor_los,470,100,922.000,7,125,4/5,14,283667,283963,-68,9.5,-66,9.75,39,1
PAIR,run04,outdoor_los,471,100,922.000,7,125,4/5,14,284218,284514,-68,9.75,-67,9.5,39,1
PAIR,run04,outdoor_los,472,100,922.000,7,125,4/5,14,284769,285066,-68,10.0,-66,10.0,39,1
PAIR,run04,outdoor_los,473,100,922.000,7,125,4/5,14,285321,285617,-68,9.75,-66,9.75,39,1
PAIR,run04,outdoor_los,474,100,922.000,7,125,4/5,14,285872,286167,-68,9.75,-66,9.25,39,1
PAIR,run04,outdoor_los,475,100,922.000,7,125,4/5,14,286422,286718,-69,9.5,-66,10.0,39,1
PAIR,run04,outdoor_los,476,100,922.000,7,125,4/5,14,286973,287268,-69,9.25,-66,10.0,39,1
PAIR,run04,outdoor_los,477,100,922.000,7,125,4/5,14,287524,287819,-68,10.0,-66,9.75,39,1
PAIR,run04,outdoor_los,478,100,922.000,7,125,4/5,14,288074,288371,-69,10.0,-67,9.75,39,1
PAIR,run04,outdoor_los,479,100,922.000,7,125,4/5,14,288626,288922,-68,10.0,-66,10.25,39,1
PAIR,run04,outdoor_los,480,100,922.000,7,125,4/5,14,289179,289474,-68,9.75,-67,9.75,39,1
PAIR,run04,outdoor_los,481,100,922.000,7,125,4/5,14,289729,290025,-68,9.5,-66,9.75,39,1
PAIR,run04,outdoor_los,482,100,922.000,7,125,4/5,14,290280,290575,-69,9.5,-66,9.5,39,1
PAIR,run04,outdoor_los,483,100,922.000,7,125,4/5,14,290830,291126,-68,10.25,-66,10.0,39,1
PAIR,run04,outdoor_los,484,100,922.000,7,125,4/5,14,291381,291677,-69,9.25,-67,9.75,39,1
PAIR,run04,outdoor_los,485,100,922.000,7,125,4/5,14,291932,292227,-68,10.0,-66,9.75,39,1
PAIR,run04,outdoor_los,486,100,922.000,7,125,4/5,14,292483,292778,-68,9.5,-66,9.5,39,1
PAIR,run04,outdoor_los,487,100,922.000,7,125,4/5,14,293035,293330,-69,9.5,-66,9.75,39,1
PAIR,run04,outdoor_los,488,100,922.000,7,125,4/5,14,293585,293881,-69,9.5,-67,9.75,39,1
PAIR,run04,outdoor_los,489,100,922.000,7,125,4/5,14,294136,294432,-69,9.75,-66,9.75,39,1
PAIR,run04,outdoor_los,490,100,922.000,7,125,4/5,14,294687,294982,-68,9.75,-66,9.75,39,1
PAIR,run04,outdoor_los,491,100,922.000,7,125,4/5,14,295237,295533,-69,9.75,-66,9.75,39,1
PAIR,run04,outdoor_los,492,100,922.000,7,125,4/5,14,295788,296084,-68,10.25,-66,9.5,39,1
PAIR,run04,outdoor_los,493,100,922.000,7,125,4/5,14,296339,296635,-68,10.0,-65,9.75,39,1
PAIR,run04,outdoor_los,494,100,922.000,7,125,4/5,14,296890,297187,-68,10.0,-66,10.0,39,1
PAIR,run04,outdoor_los,495,100,922.000,7,125,4/5,14,297442,297737,-70,9.0,-67,9.75,39,1
PAIR,run04,outdoor_los,496,100,922.000,7,125,4/5,14,297992,298288,-69,9.5,-67,9.5,39,1
PAIR,run04,outdoor_los,497,100,922.000,7,125,4/5,14,298543,298839,-68,10.0,-66,10.0,39,1
PAIR,run04,outdoor_los,498,100,922.000,7,125,4/5,14,299094,299389,-69,10.0,-67,10.25,39,1
PAIR,run04,outdoor_los,499,100,922.000,7,125,4/5,14,299644,299940,-70,11.75,-66,9.5,39,1
PAIR,run04,outdoor_los,500,100,922.000,7,125,4/5,14,300195,300491,-68,9.5,-67,10.0,39,1
PAIR,run04,outdoor_los,501,100,922.000,7,125,4/5,14,300746,301043,-69,9.75,-67,9.75,39,1
PAIR,run04,outdoor_los,502,100,922.000,7,125,4/5,14,301298,301594,-70,9.5,-68,9.75,39,1
PAIR,run04,outdoor_los,503,100,922.000,7,125,4/5,14,301849,302146,-70,9.5,-68,9.75,39,1
PAIR,run04,outdoor_los,504,100,922.000,7,125,4/5,14,302401,302697,-70,9.0,-67,10.0,39,1
PAIR,run04,outdoor_los,505,100,922.000,7,125,4/5,14,302952,303248,-69,9.75,-68,9.5,39,1
PAIR,run04,outdoor_los,506,100,922.000,7,125,4/5,14,303503,303798,-69,10.25,-68,9.5,39,1
PAIR,run04,outdoor_los,507,100,922.000,7,125,4/5,14,304053,304349,-70,9.25,-68,9.75,39,1
PAIR,run04,outdoor_los,508,100,922.000,7,125,4/5,14,304604,304899,-70,9.25,-68,9.75,39,1
PAIR,run04,outdoor_los,509,100,922.000,7,125,4/5,14,305155,305450,-70,9.0,-68,9.5,39,1
PAIR,run04,outdoor_los,510,100,922.000,7,125,4/5,14,305705,306001,-71,9.0,-68,10.0,39,1
PAIR,run04,outdoor_los,511,100,922.000,7,125,4/5,14,306256,306551,-70,9.0,-67,9.75,39,1
PAIR,run04,outdoor_los,512,100,922.000,7,125,4/5,14,306806,307102,-70,9.5,-68,10.0,39,1
PAIR,run04,outdoor_los,513,100,922.000,7,125,4/5,14,307357,307653,-69,9.5,-67,10.25,39,1
PAIR,run04,outdoor_los,514,100,922.000,7,125,4/5,14,307908,308204,-70,9.0,-67,9.75,39,1
PAIR,run04,outdoor_los,515,100,922.000,7,125,4/5,14,308459,308754,-69,9.5,-67,9.75,39,1
PAIR,run04,outdoor_los,516,100,922.000,7,125,4/5,14,309010,309305,-71,9.0,-67,9.5,39,1
PAIR,run04,outdoor_los,517,100,922.000,7,125,4/5,14,309560,309856,-70,9.0,-67,9.5,39,1
PAIR,run04,outdoor_los,518,100,922.000,7,125,4/5,14,310111,310406,-70,9.25,-68,9.5,39,1
PAIR,run04,outdoor_los,519,100,922.000,7,125,4/5,14,310661,310957,-69,9.5,-67,9.25,39,1
PAIR,run04,outdoor_los,520,100,922.000,7,125,4/5,14,311212,311508,-69,9.5,-66,10.0,39,1
PAIR,run04,outdoor_los,521,100,922.000,7,125,4/5,14,311763,312058,-69,9.5,-66,9.75,39,1
PAIR,run04,outdoor_los,522,100,922.000,7,125,4/5,14,312314,312609,-68,9.25,-66,9.75,39,1
PAIR,run04,outdoor_los,523,100,922.000,7,125,4/5,14,312864,313160,-68,10.0,-66,9.5,39,1
PAIR,run04,outdoor_los,524,100,922.000,7,125,4/5,14,313415,313710,-67,10.5,-66,9.75,39,1
PAIR,run04,outdoor_los,525,100,922.000,7,125,4/5,14,313966,314261,-68,10.0,-65,9.5,39,1
PAIR,run04,outdoor_los,526,100,922.000,7,125,4/5,14,314516,314812,-68,9.5,-65,9.5,39,1
PAIR,run04,outdoor_los,527,100,922.000,7,125,4/5,14,315067,315362,-68,9.75,-66,10.0,39,1
PAIR,run04,outdoor_los,528,100,922.000,7,125,4/5,14,315617,315913,-68,9.5,-66,10.0,39,1
PAIR,run04,outdoor_los,529,100,922.000,7,125,4/5,14,316168,316467,-68,10.0,-66,9.0,39,1
PAIR,run04,outdoor_los,530,100,922.000,7,125,4/5,14,316722,317017,-68,10.0,-66,9.5,39,1
PAIR,run04,outdoor_los,531,100,922.000,7,125,4/5,14,317272,317567,-68,9.75,-65,10.25,39,1
PAIR,run04,outdoor_los,532,100,922.000,7,125,4/5,14,317822,318118,-69,9.75,-66,10.0,39,1
PAIR,run04,outdoor_los,533,100,922.000,7,125,4/5,14,318373,318668,-68,9.75,-66,9.75,39,1
PAIR,run04,outdoor_los,534,100,922.000,7,125,4/5,14,318924,319219,-68,10.0,-67,9.5,39,1
PAIR,run04,outdoor_los,535,100,922.000,7,125,4/5,14,319474,319770,-68,9.5,-66,10.25,39,1
PAIR,run04,outdoor_los,536,100,922.000,7,125,4/5,14,320025,320321,-68,9.75,-66,9.75,39,1
PAIR,run04,outdoor_los,537,100,922.000,7,125,4/5,14,320577,320873,-68,9.5,-66,10.25,39,1
PAIR,run04,outdoor_los,538,100,922.000,7,125,4/5,14,321128,321423,-68,12.0,-66,9.75,39,1
PAIR,run04,outdoor_los,539,100,922.000,7,125,4/5,14,321678,321974,-68,9.75,-66,9.75,39,1
PAIR,run04,outdoor_los,540,100,922.000,7,125,4/5,14,322229,322525,-68,9.75,-66,9.5,39,1
PAIR,run04,outdoor_los,541,100,922.000,7,125,4/5,14,322780,323075,-69,9.5,-66,9.75,39,1
PAIR,run04,outdoor_los,542,100,922.000,7,125,4/5,14,323330,323626,-68,10.0,-66,9.5,39,1
PAIR,run04,outdoor_los,543,100,922.000,7,125,4/5,14,323881,324177,-68,10.0,-66,9.5,39,1
PAIR,run04,outdoor_los,544,100,922.000,7,125,4/5,14,324433,324729,-68,9.75,-66,9.5,39,1
PAIR,run04,outdoor_los,545,100,922.000,7,125,4/5,14,324984,325280,-68,9.5,-66,9.5,39,1
PAIR,run04,outdoor_los,546,100,922.000,7,125,4/5,14,325535,325830,-68,9.5,-66,9.75,39,1
PAIR,run04,outdoor_los,547,100,922.000,7,125,4/5,14,326085,326381,-69,9.5,-66,9.5,39,1
PAIR,run04,outdoor_los,548,100,922.000,7,125,4/5,14,326636,326932,-69,9.75,-66,9.75,39,1
PAIR,run04,outdoor_los,549,100,922.000,7,125,4/5,14,327187,327482,-68,10.0,-66,9.5,39,1
PAIR,run04,outdoor_los,550,100,922.000,7,125,4/5,14,327738,328033,-68,9.75,-66,9.5,39,1
PAIR,run04,outdoor_los,551,100,922.000,7,125,4/5,14,328288,328585,-68,9.75,-66,9.5,39,1
PAIR,run04,outdoor_los,552,100,922.000,7,125,4/5,14,328840,329136,-68,9.5,-65,9.5,39,1
PAIR,run04,outdoor_los,553,100,922.000,7,125,4/5,14,329391,329687,-68,9.25,-66,9.25,39,1
PAIR,run04,outdoor_los,554,100,922.000,7,125,4/5,14,329942,330239,-68,9.5,-66,9.5,39,1
PAIR,run04,outdoor_los,555,100,922.000,7,125,4/5,14,330494,330790,-69,9.75,-67,9.5,39,1
PAIR,run04,outdoor_los,556,100,922.000,7,125,4/5,14,331046,331340,-68,9.5,-66,9.75,39,1
PAIR,run04,outdoor_los,557,100,922.000,7,125,4/5,14,331596,331891,-68,10.0,-66,9.5,39,1
PAIR,run04,outdoor_los,558,100,922.000,7,125,4/5,14,332147,332444,-68,9.5,-66,9.75,39,1
PAIR,run04,outdoor_los,559,100,922.000,7,125,4/5,14,332699,332994,-68,9.75,-66,9.5,39,1
PAIR,run04,outdoor_los,560,100,922.000,7,125,4/5,14,333249,333545,-68,10.0,-66,9.75,39,1
PAIR,run04,outdoor_los,561,100,922.000,7,125,4/5,14,333800,334096,-69,10.0,-66,9.5,39,1
PAIR,run04,outdoor_los,562,100,922.000,7,125,4/5,14,334351,334646,-68,9.75,-66,10.0,39,1
PAIR,run04,outdoor_los,563,100,922.000,7,125,4/5,14,334901,335197,-68,9.75,-66,9.75,39,1
PAIR,run04,outdoor_los,564,100,922.000,7,125,4/5,14,335452,335748,-68,9.5,-66,9.75,39,1
PAIR,run04,outdoor_los,565,100,922.000,7,125,4/5,14,336003,336299,-68,9.5,-66,10.0,39,1
PAIR,run04,outdoor_los,566,100,922.000,7,125,4/5,14,336554,336849,-68,10.25,-66,9.75,39,1
PAIR,run04,outdoor_los,567,100,922.000,7,125,4/5,14,337104,337400,-68,10.0,-67,9.5,39,1
PAIR,run04,outdoor_los,568,100,922.000,7,125,4/5,14,337655,337951,-68,9.5,-66,9.25,39,1
PAIR,run04,outdoor_los,569,100,922.000,7,125,4/5,14,338206,338501,-68,9.5,-65,9.75,39,1
PAIR,run04,outdoor_los,570,100,922.000,7,125,4/5,14,338756,339052,-68,9.5,-66,9.75,39,1
PAIR,run04,outdoor_los,571,100,922.000,7,125,4/5,14,339307,339603,-68,10.0,-66,9.5,39,1
PAIR,run04,outdoor_los,572,100,922.000,7,125,4/5,14,339858,340154,-69,10.25,-65,9.5,39,1
PAIR,run04,outdoor_los,573,100,922.000,7,125,4/5,14,340409,340704,-68,9.5,-66,9.75,39,1
PAIR,run04,outdoor_los,574,100,922.000,7,125,4/5,14,340959,341255,-68,9.75,-66,10.0,39,1
PAIR,run04,outdoor_los,575,100,922.000,7,125,4/5,14,341510,341806,-69,9.5,-66,10.0,39,1
PAIR,run04,outdoor_los,576,100,922.000,7,125,4/5,14,342061,342356,-68,9.5,-66,9.75,39,1
PAIR,run04,outdoor_los,577,100,922.000,7,125,4/5,14,342611,342907,-68,9.75,-65,9.5,39,1
PAIR,run04,outdoor_los,578,100,922.000,7,125,4/5,14,343162,343457,-68,9.75,-66,10.0,39,1
PAIR,run04,outdoor_los,579,100,922.000,7,125,4/5,14,343713,344008,-68,9.75,-66,9.5,39,1
PAIR,run04,outdoor_los,580,100,922.000,7,125,4/5,14,344263,344560,-68,9.75,-66,9.25,39,1
PAIR,run04,outdoor_los,581,100,922.000,7,125,4/5,14,344815,345111,-69,9.75,-66,9.75,39,1
PAIR,run04,outdoor_los,582,100,922.000,7,125,4/5,14,345366,345661,-68,9.5,-66,9.75,39,1
PAIR,run04,outdoor_los,583,100,922.000,7,125,4/5,14,345916,346211,-68,9.75,-67,9.5,39,1
PAIR,run04,outdoor_los,584,100,922.000,7,125,4/5,14,346466,346762,-68,9.5,-66,10.0,39,1
PAIR,run04,outdoor_los,585,100,922.000,7,125,4/5,14,347017,347312,-69,9.25,-66,9.75,39,1
PAIR,run04,outdoor_los,586,100,922.000,7,125,4/5,14,347568,347864,-69,9.5,-66,10.0,39,1
PAIR,run04,outdoor_los,587,100,922.000,7,125,4/5,14,348120,348415,-68,9.0,-66,9.5,39,1
PAIR,run04,outdoor_los,588,100,922.000,7,125,4/5,14,348670,348966,-68,9.75,-66,9.5,39,1
PAIR,run04,outdoor_los,589,100,922.000,7,125,4/5,14,349221,349516,-68,9.5,-66,10.0,39,1
PAIR,run04,outdoor_los,590,100,922.000,7,125,4/5,14,349771,350067,-69,9.5,-66,9.75,39,1
PAIR,run04,outdoor_los,591,100,922.000,7,125,4/5,14,350322,350618,-68,9.75,-66,10.0,39,1
PAIR,run04,outdoor_los,592,100,922.000,7,125,4/5,14,350873,351168,-68,10.25,-66,9.75,39,1
PAIR,run04,outdoor_los,593,100,922.000,7,125,4/5,14,351424,351721,-69,9.5,-65,9.5,39,1
PAIR,run04,outdoor_los,594,100,922.000,7,125,4/5,14,351976,352271,-68,10.0,-66,9.5,39,1
PAIR,run04,outdoor_los,595,100,922.000,7,125,4/5,14,352526,352822,-70,9.5,-67,9.75,39,1
PAIR,run04,outdoor_los,596,100,922.000,7,125,4/5,14,353077,353373,-68,9.5,-66,9.5,39,1
PAIR,run04,outdoor_los,597,100,922.000,7,125,4/5,14,353628,353923,-69,9.75,-66,9.5,39,1
PAIR,run04,outdoor_los,598,100,922.000,7,125,4/5,14,354178,354474,-68,9.75,-66,9.25,39,1
PAIR,run04,outdoor_los,599,100,922.000,7,125,4/5,14,354729,355024,-68,9.75,-66,9.5,39,1
PAIR,run04,outdoor_los,600,100,922.000,7,125,4/5,14,355280,355575,-68,9.25,-66,9.5,39,1
PAIR,run04,outdoor_los,601,100,922.000,7,125,4/5,14,355832,356127,-68,9.75,-66,9.75,39,1
PAIR,run04,outdoor_los,602,100,922.000,7,125,4/5,14,356383,356678,-69,9.5,-66,10.0,39,1
PAIR,run04,outdoor_los,603,100,922.000,7,125,4/5,14,356933,357229,-68,9.25,-67,9.75,39,1
PAIR,run04,outdoor_los,604,100,922.000,7,125,4/5,14,357484,357779,-69,9.75,-65,9.25,39,1
PAIR,run04,outdoor_los,605,100,922.000,7,125,4/5,14,358034,358332,-67,9.5,-65,9.75,39,1
PAIR,run04,outdoor_los,606,100,922.000,7,125,4/5,14,358587,358884,-66,9.5,-65,9.75,39,1
PAIR,run04,outdoor_los,607,100,922.000,7,125,4/5,14,359139,359435,-67,9.5,-66,9.75,39,1
PAIR,run04,outdoor_los,608,100,922.000,7,125,4/5,14,359691,359986,-66,9.25,-65,9.25,39,1
PAIR,run04,outdoor_los,609,100,922.000,7,125,4/5,14,360241,360537,-66,9.5,-65,9.75,39,1
PAIR,run04,outdoor_los,610,100,922.000,7,125,4/5,14,360792,361088,-66,10.0,-66,9.75,39,1
PAIR,run04,outdoor_los,611,100,922.000,7,125,4/5,14,361343,361638,-67,9.5,-65,9.75,39,1
PAIR,run04,outdoor_los,612,100,922.000,7,125,4/5,14,361893,362189,-66,9.5,-65,9.5,39,1
PAIR,run04,outdoor_los,613,100,922.000,7,125,4/5,14,362444,362740,-66,9.5,-66,9.75,39,1
PAIR,run04,outdoor_los,614,100,922.000,7,125,4/5,14,362995,363290,-66,9.5,-66,10.0,39,1
PAIR,run04,outdoor_los,615,100,922.000,7,125,4/5,14,363547,363843,-66,9.5,-66,9.25,39,1
PAIR,run04,outdoor_los,616,100,922.000,7,125,4/5,14,364098,364393,-66,9.75,-66,9.25,39,1
PAIR,run04,outdoor_los,617,100,922.000,7,125,4/5,14,364648,364944,-66,9.75,-65,9.25,39,1
PAIR,run04,outdoor_los,618,100,922.000,7,125,4/5,14,365199,365495,-66,9.5,-65,10.0,39,1
PAIR,run04,outdoor_los,619,100,922.000,7,125,4/5,14,365750,366045,-66,9.5,-65,9.25,39,1
PAIR,run04,outdoor_los,620,100,922.000,7,125,4/5,14,366300,366596,-67,9.75,-65,9.5,39,1
PAIR,run04,outdoor_los,621,100,922.000,7,125,4/5,14,366851,367147,-67,9.5,-66,9.25,39,1
PAIR,run04,outdoor_los,622,100,922.000,7,125,4/5,14,367402,367699,-67,9.5,-66,9.75,39,1
PAIR,run04,outdoor_los,623,100,922.000,7,125,4/5,14,367954,368250,-66,9.75,-65,9.5,39,1
PAIR,run04,outdoor_los,624,100,922.000,7,125,4/5,14,368505,368800,-66,9.25,-66,9.5,39,1
PAIR,run04,outdoor_los,625,100,922.000,7,125,4/5,14,369055,369351,-66,9.5,-65,9.25,39,1
PAIR,run04,outdoor_los,626,100,922.000,7,125,4/5,14,369606,369902,-66,10.0,-65,9.5,39,1
PAIR,run04,outdoor_los,627,100,922.000,7,125,4/5,14,370157,370452,-66,9.5,-65,10.0,39,1
PAIR,run04,outdoor_los,628,100,922.000,7,125,4/5,14,370708,371003,-67,9.25,-66,9.5,39,1
PAIR,run04,outdoor_los,629,100,922.000,7,125,4/5,14,371259,371555,-66,9.25,-65,9.75,39,1
PAIR,run04,outdoor_los,630,100,922.000,7,125,4/5,14,371811,372107,-66,9.75,-65,9.5,39,1
PAIR,run04,outdoor_los,631,100,922.000,7,125,4/5,14,372363,372660,-66,9.5,-65,10.0,39,1
PAIR,run04,outdoor_los,632,100,922.000,7,125,4/5,14,372915,373211,-66,9.25,-65,9.5,39,1
PAIR,run04,outdoor_los,633,100,922.000,7,125,4/5,14,373466,373761,-66,9.25,-65,9.25,39,1
PAIR,run04,outdoor_los,634,100,922.000,7,125,4/5,14,374016,374312,-66,9.5,-64,9.75,39,1
PAIR,run04,outdoor_los,635,100,922.000,7,125,4/5,14,374567,374862,-66,9.5,-65,9.5,39,1
PAIR,run04,outdoor_los,636,100,922.000,7,125,4/5,14,375118,375414,-67,9.75,-65,9.75,39,1
PAIR,run04,outdoor_los,637,100,922.000,7,125,4/5,14,375670,375965,-67,9.5,-65,9.75,39,1
PAIR,run04,outdoor_los,638,100,922.000,7,125,4/5,14,376220,376516,-67,10.75,-65,9.0,39,1
PAIR,run04,outdoor_los,639,100,922.000,7,125,4/5,14,376771,377066,-66,9.5,-65,9.75,39,1
PAIR,run04,outdoor_los,640,100,922.000,7,125,4/5,14,377321,377617,-67,9.25,-65,9.5,39,1
PAIR,run04,outdoor_los,641,100,922.000,7,125,4/5,14,377872,378168,-67,9.25,-65,9.25,39,1
PAIR,run04,outdoor_los,642,100,922.000,7,125,4/5,14,378423,378719,-66,9.75,-65,10.0,39,1
PAIR,run04,outdoor_los,643,100,922.000,7,125,4/5,14,378974,379269,-66,9.75,-65,9.5,39,1
PAIR,run04,outdoor_los,644,100,922.000,7,125,4/5,14,379525,379820,-67,10.0,-66,9.5,39,1
PAIR,run04,outdoor_los,645,100,922.000,7,125,4/5,14,380075,380371,-66,9.5,-65,9.75,39,1
PAIR,run04,outdoor_los,646,100,922.000,7,125,4/5,14,380626,380921,-66,10.25,-65,9.5,39,1
PAIR,run04,outdoor_los,647,100,922.000,7,125,4/5,14,381176,381472,-66,9.25,-65,9.75,39,1
PAIR,run04,outdoor_los,648,100,922.000,7,125,4/5,14,381727,382023,-66,9.25,-66,9.25,39,1
PAIR,run04,outdoor_los,649,100,922.000,7,125,4/5,14,382278,382573,-66,9.5,-66,9.5,39,1
PAIR,run04,outdoor_los,650,100,922.000,7,125,4/5,14,382829,383124,-66,9.5,-66,10.0,39,1
PAIR,run04,outdoor_los,651,100,922.000,7,125,4/5,14,383379,383675,-66,10.0,-65,7.75,39,1
PAIR,run04,outdoor_los,652,100,922.000,7,125,4/5,14,383930,384225,-66,9.75,-66,9.5,39,1
PAIR,run04,outdoor_los,653,100,922.000,7,125,4/5,14,384481,384776,-67,9.25,-65,9.75,39,1
PAIR,run04,outdoor_los,654,100,922.000,7,125,4/5,14,385031,385327,-67,9.75,-65,9.25,39,1
PAIR,run04,outdoor_los,655,100,922.000,7,125,4/5,14,385582,385873,,,,,39,0
PAIR,run04,outdoor_los,656,100,922.000,7,125,4/5,14,386126,386421,-66,9.5,-65,9.5,39,1
PAIR,run04,outdoor_los,657,100,922.000,7,125,4/5,14,386677,386972,-67,9.5,-65,9.75,39,1
PAIR,run04,outdoor_los,658,100,922.000,7,125,4/5,14,387229,387526,-66,9.25,-65,9.5,39,1
PAIR,run04,outdoor_los,659,100,922.000,7,125,4/5,14,387781,388076,-66,9.5,-65,10.0,39,1
PAIR,run04,outdoor_los,660,100,922.000,7,125,4/5,14,388331,388627,-66,10.0,-65,9.5,39,1
PAIR,run04,outdoor_los,661,100,922.000,7,125,4/5,14,388882,389177,-66,9.25,-65,9.5,39,1
PAIR,run04,outdoor_los,662,100,922.000,7,125,4/5,14,389432,389728,-66,9.25,-65,9.5,39,1
PAIR,run04,outdoor_los,663,100,922.000,7,125,4/5,14,389983,390278,-66,9.5,-65,9.75,39,1
PAIR,run04,outdoor_los,664,100,922.000,7,125,4/5,14,390533,390829,-66,9.75,-65,9.5,39,1
PAIR,run04,outdoor_los,665,100,922.000,7,125,4/5,14,391085,393177,,,,,39,0
PAIR,run04,outdoor_los,666,100,922.000,7,125,4/5,14,393430,393726,-66,9.5,-66,9.75,39,1
PAIR,run04,outdoor_los,667,100,922.000,7,125,4/5,14,393981,394277,-67,9.75,-65,9.5,39,1
PAIR,run04,outdoor_los,668,100,922.000,7,125,4/5,14,394532,394827,-67,9.5,-66,9.5,39,1
PAIR,run04,outdoor_los,669,100,922.000,7,125,4/5,14,395082,395378,-67,9.25,-65,9.5,39,1
PAIR,run04,outdoor_los,670,100,922.000,7,125,4/5,14,395633,395925,,,,,39,0
PAIR,run04,outdoor_los,671,100,922.000,7,125,4/5,14,396177,396473,-66,9.5,-66,9.5,39,1
PAIR,run04,outdoor_los,672,100,922.000,7,125,4/5,14,396728,397023,-67,9.75,-65,9.25,39,1
PAIR,run04,outdoor_los,673,100,922.000,7,125,4/5,14,397278,397574,-66,9.75,-65,9.75,39,1
PAIR,run04,outdoor_los,674,100,922.000,7,125,4/5,14,397829,398125,-66,9.75,-65,9.5,39,1
PAIR,run04,outdoor_los,675,100,922.000,7,125,4/5,14,398380,398676,-66,9.5,-65,9.5,39,1
PAIR,run04,outdoor_los,676,100,922.000,7,125,4/5,14,398932,399228,-67,9.5,-65,10.0,39,1
PAIR,run04,outdoor_los,677,100,922.000,7,125,4/5,14,399483,399778,-66,9.5,-65,9.5,39,1
PAIR,run04,outdoor_los,678,100,922.000,7,125,4/5,14,400033,400329,-67,9.5,-65,9.5,39,1
PAIR,run04,outdoor_los,679,100,922.000,7,125,4/5,14,400584,400880,-66,9.75,-65,9.75,39,1
PAIR,run04,outdoor_los,680,100,922.000,7,125,4/5,14,401135,401430,-66,9.75,-65,9.5,39,1
PAIR,run04,outdoor_los,681,100,922.000,7,125,4/5,14,401685,401981,-67,10.75,-65,9.0,39,1
PAIR,run04,outdoor_los,682,100,922.000,7,125,4/5,14,402236,402532,-66,9.5,-65,9.5,39,1
PAIR,run04,outdoor_los,683,100,922.000,7,125,4/5,14,402788,403084,-66,10.0,-65,9.5,39,1
PAIR,run04,outdoor_los,684,100,922.000,7,125,4/5,14,403339,403634,-66,10.75,-64,10.0,39,1
PAIR,run04,outdoor_los,685,100,922.000,7,125,4/5,14,403890,404185,-66,10.25,-65,7.5,39,1
PAIR,run04,outdoor_los,686,100,922.000,7,125,4/5,14,404440,404736,-66,9.25,-65,9.5,39,1
PAIR,run04,outdoor_los,687,100,922.000,7,125,4/5,14,404991,405286,-67,9.5,-65,9.75,39,1
PAIR,run04,outdoor_los,688,100,922.000,7,125,4/5,14,405541,405839,-66,10.0,-66,9.5,39,1
PAIR,run04,outdoor_los,689,100,922.000,7,125,4/5,14,406094,406391,-66,10.0,-65,8.0,39,1
PAIR,run04,outdoor_los,690,100,922.000,7,125,4/5,14,406648,406944,-67,9.75,-66,9.5,39,1
PAIR,run04,outdoor_los,691,100,922.000,7,125,4/5,14,407199,407494,-67,9.5,-66,9.75,39,1
PAIR,run04,outdoor_los,692,100,922.000,7,125,4/5,14,407749,408044,-67,9.5,-65,9.25,39,1
PAIR,run04,outdoor_los,693,100,922.000,7,125,4/5,14,408299,408595,-67,9.25,-65,9.5,39,1
PAIR,run04,outdoor_los,694,100,922.000,7,125,4/5,14,408850,409145,-66,9.5,-66,9.75,39,1
PAIR,run04,outdoor_los,695,100,922.000,7,125,4/5,14,409401,409696,-67,9.75,-65,9.75,39,1
PAIR,run04,outdoor_los,696,100,922.000,7,125,4/5,14,409952,410247,-68,9.5,-65,9.5,39,1
PAIR,run04,outdoor_los,697,100,922.000,7,125,4/5,14,410502,410799,-68,10.0,-66,9.75,39,1
PAIR,run04,outdoor_los,698,100,922.000,7,125,4/5,14,411054,411350,-68,9.5,-65,9.5,39,1
PAIR,run04,outdoor_los,699,100,922.000,7,125,4/5,14,411605,411901,-68,10.0,-66,9.75,39,1
PAIR,run04,outdoor_los,700,100,922.000,7,125,4/5,14,412156,412451,-68,12.0,-66,10.25,39,1
PAIR,run04,outdoor_los,701,100,922.000,7,125,4/5,14,412706,413002,-67,9.75,-66,9.5,39,1
