PAIR,run02,indoor_static,2,100,922.000,7,125,4/5,14,17885,18168,-63,10.0,-60,9.0,36,1
PAIR,run02,indoor_static,3,100,922.000,7,125,4/5,14,18427,18709,-63,10.25,-59,9.5,36,1
PAIR,run02,indoor_static,4,100,922.000,7,125,4/5,14,18968,19250,-63,11.25,-59,9.0,36,1
PAIR,run02,indoor_static,5,100,922.000,7,125,4/5,14,19509,19791,-63,10.0,-59,9.25,36,1
PAIR,run02,indoor_static,6,100,922.000,7,125,4/5,14,20049,20332,-63,9.75,-59,9.5,36,1
PAIR,run02,indoor_static,7,100,922.000,7,125,4/5,14,20591,20873,-63,10.0,-58,9.25,36,1
PAIR,run02,indoor_static,8,100,922.000,7,125,4/5,14,21131,21414,-63,10.25,-59,9.25,36,1
PAIR,run02,indoor_static,9,100,922.000,7,125,4/5,14,21672,21955,-63,10.25,-59,9.25,36,1
PAIR,run02,indoor_static,10,100,922.000,7,125,4/5,14,22213,22501,-63,10.5,-59,10.0,37,1
PAIR,run02,indoor_static,11,100,922.000,7,125,4/5,14,22759,23047,-64,9.5,-58,9.25,37,1
PAIR,run02,indoor_static,12,100,922.000,7,125,4/5,14,23305,23594,-64,12.5,-59,9.0,37,1
PAIR,run02,indoor_static,13,100,922.000,7,125,4/5,14,23853,24140,-63,9.5,-59,9.75,37,1
PAIR,run02,indoor_static,14,100,922.000,7,125,4/5,14,24399,24686,-64,10.0,-59,9.25,37,1
PAIR,run02,indoor_static,15,100,922.000,7,125,4/5,14,24945,25232,-64,9.5,-58,8.75,37,1
PAIR,run02,indoor_static,16,100,922.000,7,125,4/5,14,25491,25778,-64,9.25,-59,9.25,37,1
PAIR,run02,indoor_static,17,100,922.000,7,125,4/5,14,26037,26324,-64,9.75,-59,9.0,37,1
PAIR,run02,indoor_static,18,100,922.000,7,125,4/5,14,26582,26872,-64,9.75,-59,9.25,37,1
PAIR,run02,indoor_static,19,100,922.000,7,125,4/5,14,27130,27424,-64,11.75,-59,9.25,37,1
PAIR,run02,indoor_static,20,100,922.000,7,125,4/5,14,27683,27971,-63,9.5,-59,9.0,37,1
PAIR,run02,indoor_static,21,100,922.000,7,125,4/5,14,28229,28518,-64,9.75,-59,9.25,37,1
PAIR,run02,indoor_static,22,100,922.000,7,125,4/5,14,28777,29065,-64,9.75,-59,9.5,37,1
PAIR,run02,indoor_static,23,100,922.000,7,125,4/5,14,29323,29611,-64,9.5,-59,9.25,37,1
PAIR,run02,indoor_static,24,100,922.000,7,125,4/5,14,29869,30157,-64,9.5,-59,8.75,37,1
PAIR,run02,indoor_static,25,100,922.000,7,125,4/5,14,30415,30703,-63,9.25,-59,9.5,37,1
PAIR,run02,indoor_static,26,100,922.000,7,125,4/5,14,30961,31249,-66,12.0,-60,9.75,37,1
PAIR,run02,indoor_static,27,100,922.000,7,125,4/5,14,31507,31794,-66,9.5,-60,9.25,37,1
PAIR,run02,indoor_static,28,100,922.000,7,125,4/5,14,32053,32341,-66,9.5,-59,9.75,37,1
PAIR,run02,indoor_static,29,100,922.000,7,125,4/5,14,32599,32887,-66,9.5,-60,9.0,37,1
PAIR,run02,indoor_static,30,100,922.000,7,125,4/5,14,33145,33433,-65,9.5,-60,9.5,37,1
PAIR,run02,indoor_static,31,100,922.000,7,125,4/5,14,33691,33979,-65,9.5,-59,9.25,37,1
PAIR,run02,indoor_static,32,100,922.000,7,125,4/5,14,34237,34524,-66,9.5,-60,9.5,37,1
PAIR,run02,indoor_static,33,100,922.000,7,125,4/5,14,34783,35070,-65,9.5,-59,9.0,37,1
PAIR,run02,indoor_static,34,100,922.000,7,125,4/5,14,35329,37417,,,,,37,0
PAIR,run02,indoor_static,35,100,922.000,7,125,4/5,14,37671,37959,-66,9.0,-59,9.25,37,1
PAIR,run02,indoor_static,36,100,922.000,7,125,4/5,14,38217,38505,-66,9.5,-59,9.25,37,1
PAIR,run02,indoor_static,37,100,922.000,7,125,4/5,14,38764,39051,-65,9.25,-59,9.0,37,1
PAIR,run02,indoor_static,38,100,922.000,7,125,4/5,14,39310,39597,-66,9.25,-59,9.25,37,1
PAIR,run02,indoor_static,39,100,922.000,7,125,4/5,14,39856,40143,-66,9.5,-59,9.0,37,1
PAIR,run02,indoor_static,40,100,922.000,7,125,4/5,14,40402,40689,-65,9.5,-60,9.0,37,1
PAIR,run02,indoor_static,41,100,922.000,7,125,4/5,14,40947,43036,,,,,37,0
PAIR,run02,indoor_static,42,100,922.000,7,125,4/5,14,43290,43578,-66,9.25,-59,9.0,37,1
PAIR,run02,indoor_static,43,100,922.000,7,125,4/5,14,43836,44124,-65,9.75,-59,9.25,37,1
PAIR,run02,indoor_static,44,100,922.000,7,125,4/5,14,44382,44670,-66,9.25,-59,9.25,37,1
PAIR,run02,indoor_static,45,100,922.000,7,125,4/5,14,44928,45216,-66,9.75,-59,8.75,37,1
PAIR,run02,indoor_static,46,100,922.000,7,125,4/5,14,45474,45762,-66,9.0,-59,9.25,37,1
PAIR,run02,indoor_static,47,100,922.000,7,125,4/5,14,46020,46308,-64,9.0,-58,9.75,37,1
PAIR,run02,indoor_static,48,100,922.000,7,125,4/5,14,46566,46854,-64,9.25,-59,9.5,37,1
PAIR,run02,indoor_static,49,100,922.000,7,125,4/5,14,47112,47400,-65,9.25,-59,9.25,37,1
PAIR,run02,indoor_static,50,100,922.000,7,125,4/5,14,47658,47946,-66,9.5,-59,11.75,37,1
PAIR,run02,indoor_static,51,100,922.000,7,125,4/5,14,48204,48492,-66,10.0,-59,9.0,37,1
PAIR,run02,indoor_static,52,100,922.000,7,125,4/5,14,48750,50838,,,,,37,0
PAIR,run02,indoor_static,53,100,922.000,7,125,4/5,14,51092,51380,-65,9.75,-59,9.25,37,1
PAIR,run02,indoor_static,54,100,922.000,7,125,4/5,14,51638,51926,-66,9.75,-59,9.25,37,1
PAIR,run02,indoor_static,55,100,922.000,7,125,4/5,14,52184,52471,-66,9.5,-60,9.5,37,1
PAIR,run02,indoor_static,56,100,922.000,7,125,4/5,14,52730,53019,-66,9.75,-60,9.5,37,1
PAIR,run02,indoor_static,57,100,922.000,7,125,4/5,14,53277,53565,-66,10.0,-60,9.5,37,1
PAIR,run02,indoor_static,58,100,922.000,7,125,4/5,14,53824,54111,-68,9.75,-61,9.5,37,1
PAIR,run02,indoor_static,59,100,922.000,7,125,4/5,14,54369,54657,-66,9.5,-60,9.75,37,1
PAIR,run02,indoor_static,60,100,922.000,7,125,4/5,14,54915,55203,-65,9.5,-60,10.5,37,1
PAIR,run02,indoor_static,61,100,922.000,7,125,4/5,14,55462,55749,-65,9.5,-60,9.5,37,1
PAIR,run02,indoor_static,62,100,922.000,7,125,4/5,14,56007,56295,-65,9.75,-60,9.75,37,1
PAIR,run02,indoor_static,63,100,922.000,7,125,4/5,14,56553,58642,,,,,37,0
PAIR,run02,indoor_static,64,100,922.000,7,125,4/5,14,58896,59183,-66,9.5,-59,8.75,37,1
PAIR,run02,indoor_static,65,100,922.000,7,125,4/5,14,59442,59730,-66,9.75,-60,9.0,37,1
PAIR,run02,indoor_static,66,100,922.000,7,125,4/5,14,59988,60276,-66,9.5,-60,9.0,37,1
PAIR,run02,indoor_static,67,100,922.000,7,125,4/5,14,60534,60822,-66,9.5,-60,9.25,37,1
PAIR,run02,indoor_static,68,100,922.000,7,125,4/5,14,61080,61368,-66,9.75,-60,9.25,37,1
PAIR,run02,indoor_static,69,100,922.000,7,125,4/5,14,61626,61913,-66,9.5,-60,9.5,37,1
PAIR,run02,indoor_static,70,100,922.000,7,125,4/5,14,62172,62459,-66,9.25,-59,9.75,37,1
PAIR,run02,indoor_static,71,100,922.000,7,125,4/5,14,62718,63006,-66,9.75,-59,9.5,37,1
PAIR,run02,indoor_static,72,100,922.000,7,125,4/5,14,63264,63552,-66,9.75,-59,9.25,37,1
PAIR,run02,indoor_static,73,100,922.000,7,125,4/5,14,63810,64098,-65,9.25,-58,9.25,37,1
PAIR,run02,indoor_static,74,100,922.000,7,125,4/5,14,64356,64644,-65,9.25,-58,9.5,37,1
PAIR,run02,indoor_static,75,100,922.000,7,125,4/5,14,64902,65190,-64,9.5,-59,9.5,37,1
PAIR,run02,indoor_static,76,100,922.000,7,125,4/5,14,65448,65736,-65,9.0,-59,9.25,37,1
PAIR,run02,indoor_static,77,100,922.000,7,125,4/5,14,65994,66282,-64,9.25,-59,9.25,37,1
PAIR,run02,indoor_static,78,100,922.000,7,125,4/5,14,66540,66828,-64,9.75,-59,9.25,37,1
PAIR,run02,indoor_static,79,100,922.000,7,125,4/5,14,67086,67374,-65,9.25,-58,9.5,37,1
PAIR,run02,indoor_static,80,100,922.000,7,125,4/5,14,67632,67920,-65,9.0,-58,9.75,37,1
PAIR,run02,indoor_static,81,100,922.000,7,125,4/5,14,68178,68466,-65,9.25,-59,9.5,37,1
PAIR,run02,indoor_static,82,100,922.000,7,125,4/5,14,68724,69012,-65,9.25,-59,9.5,37,1
PAIR,run02,indoor_static,83,100,922.000,7,125,4/5,14,69270,69558,-64,9.25,-58,9.25,37,1
PAIR,run02,indoor_static,84,100,922.000,7,125,4/5,14,69816,70104,-65,9.5,-59,9.5,37,1
PAIR,run02,indoor_static,85,100,922.000,7,125,4/5,14,70362,70650,-66,9.75,-60,9.0,37,1
PAIR,run02,indoor_static,86,100,922.000,7,125,4/5,14,70908,71196,-66,10.0,-60,9.75,37,1
PAIR,run02,indoor_static,87,100,922.000,7,125,4/5,14,71454,71742,-66,9.5,-60,9.5,37,1
PAIR,run02,indoor_static,88,100,922.000,7,125,4/5,14,72000,72288,-66,9.5,-60,9.25,37,1
PAIR,run02,indoor_static,89,100,922.000,7,125,4/5,14,72546,72834,-66,9.5,-60,9.5,37,1
PAIR,run02,indoor_static,90,100,922.000,7,125,4/5,14,73092,73380,-66,9.25,-60,9.25,37,1
PAIR,run02,indoor_static,91,100,922.000,7,125,4/5,14,73638,73926,-66,10.0,-60,9.5,37,1
PAIR,run02,indoor_static,92,100,922.000,7,125,4/5,14,74184,74473,-66,9.5,-59,9.25,37,1
PAIR,run02,indoor_static,93,100,922.000,7,125,4/5,14,74732,76820,,,,,37,0
PAIR,run02,indoor_static,94,100,922.000,7,125,4/5,14,77074,77362,-66,9.25,-60,9.25,37,1
PAIR,run02,indoor_static,95,100,922.000,7,125,4/5,14,77620,77908,-66,9.25,-60,9.75,37,1
PAIR,run02,indoor_static,96,100,922.000,7,125,4/5,14,78166,78454,-66,9.25,-60,9.25,37,1
PAIR,run02,indoor_static,97,100,922.000,7,125,4/5,14,78712,79000,-66,9.5,-60,9.5,37,1
PAIR,run02,indoor_static,98,100,922.000,7,125,4/5,14,79258,79547,-66,9.25,-60,9.75,37,1
PAIR,run02,indoor_static,99,100,922.000,7,125,4/5,14,79806,80093,-66,10.0,-60,9.5,37,1
PAIR,run02,indoor_static,100,100,922.000,7,125,4/5,14,80351,80644,-65,10.0,-60,9.5,38,1
PAIR,run02,indoor_static,101,100,922.000,7,125,4/5,14,80903,81196,-66,9.25,-59,9.5,38,1
PAIR,run02,indoor_static,102,100,922.000,7,125,4/5,14,81456,81744,-64,9.5,-58,10.0,38,1
PAIR,run02,indoor_static,103,100,922.000,7,125,4/5,14,82002,82295,-63,9.75,-58,9.75,38,1
PAIR,run02,indoor_static,104,100,922.000,7,125,4/5,14,82553,82846,-64,10.0,-58,9.75,38,1
PAIR,run02,indoor_static,105,100,922.000,7,125,4/5,14,83105,83392,-63,9.5,-58,9.5,38,1
PAIR,run02,indoor_static,106,100,922.000,7,125,4/5,14,83651,83938,-64,9.5,-59,10.0,38,1
PAIR,run02,indoor_static,107,100,922.000,7,125,4/5,14,84197,84489,-63,10.0,-58,9.5,38,1
PAIR,run02,indoor_static,108,100,922.000,7,125,4/5,14,84748,85041,-61,10.0,-57,9.75,38,1
PAIR,run02,indoor_static,109,100,922.000,7,125,4/5,14,85299,85587,-60,9.5,-57,9.5,38,1
PAIR,run02,indoor_static,110,100,922.000,7,125,4/5,14,85845,86138,-62,9.75,-58,9.75,38,1
PAIR,run02,indoor_static,111,100,922.000,7,125,4/5,14,86397,86684,-69,9.5,-59,9.25,38,1
PAIR,run02,indoor_static,112,100,922.000,7,125,4/5,14,86943,87235,-64,11.25,-58,9.75,38,1
PAIR,run02,indoor_static,113,100,922.000,7,125,4/5,14,87494,87788,-64,9.75,-57,10.25,38,1
PAIR,run02,indoor_static,114,100,922.000,7,125,4/5,14,88047,88336,-64,9.5,-59,9.0,38,1
PAIR,run02,indoor_static,115,100,922.000,7,125,4/5,14,88595,88883,-66,9.5,-59,9.75,38,1
PAIR,run02,indoor_static,116,100,922.000,7,125,4/5,14,89141,89434,-66,10.0,-60,9.25,38,1
PAIR,run02,indoor_static,117,100,922.000,7,125,4/5,14,89692,89980,-66,9.5,-60,9.0,38,1
PAIR,run02,indoor_static,118,100,922.000,7,125,4/5,14,90238,90526,-63,9.5,-60,9.75,38,1
PAIR,run02,indoor_static,119,100,922.000,7,125,4/5,14,90784,91077,-63,10.0,-59,10.5,38,1
PAIR,run02,indoor_static,120,100,922.000,7,125,4/5,14,91335,91622,-63,9.5,-60,9.25,38,1
PAIR,run02,indoor_static,121,100,922.000,7,125,4/5,14,91881,92174,-63,10.25,-60,9.5,38,1
PAIR,run02,indoor_static,122,100,922.000,7,125,4/5,14,92432,92725,-63,10.0,-60,9.5,38,1
PAIR,run02,indoor_static,123,100,922.000,7,125,4/5,14,92983,93271,-66,9.5,-62,9.25,38,1
PAIR,run02,indoor_static,124,100,922.000,7,125,4/5,14,93529,93822,-67,10.0,-62,10.25,38,1
PAIR,run02,indoor_static,125,100,922.000,7,125,4/5,14,94080,94368,-67,9.5,-61,9.75,38,1
PAIR,run02,indoor_static,126,100,922.000,7,125,4/5,14,94627,94919,-67,9.75,-61,9.5,38,1
PAIR,run02,indoor_static,127,100,922.000,7,125,4/5,14,95178,95470,-67,9.25,-61,10.0,38,1
PAIR,run02,indoor_static,128,100,922.000,7,125,4/5,14,95729,96016,-67,9.5,-61,9.5,38,1
PAIR,run02,indoor_static,129,100,922.000,7,125,4/5,14,96275,96562,-67,9.0,-61,9.75,38,1
PAIR,run02,indoor_static,130,100,922.000,7,125,4/5,14,96821,97113,-67,9.25,-61,9.5,38,1
PAIR,run02,indoor_static,131,100,922.000,7,125,4/5,14,97372,97665,-66,9.75,-60,9.75,38,1
PAIR,run02,indoor_static,132,100,922.000,7,125,4/5,14,97923,98216,-66,9.75,-61,9.25,38,1
PAIR,run02,indoor_static,133,100,922.000,7,125,4/5,14,98474,98767,-67,9.75,-61,9.75,38,1
PAIR,run02,indoor_static,134,100,922.000,7,125,4/5,14,99026,99318,-66,10.5,-62,9.5,38,1
PAIR,run02,indoor_static,135,100,922.000,7,125,4/5,14,99577,99869,-66,10.0,-61,9.25,38,1
PAIR,run02,indoor_static,136,100,922.000,7,125,4/5,14,100127,100421,-67,9.5,-60,9.5,39,1
PAIR,run02,indoor_static,137,100,922.000,7,125,4/5,14,100679,100972,-66,9.5,-61,9.75,39,1
PAIR,run02,indoor_static,138,100,922.000,7,125,4/5,14,101231,101524,-67,9.25,-61,9.75,39,1
PAIR,run02,indoor_static,139,100,922.000,7,125,4/5,14,101782,102075,-67,9.5,-60,12.25,39,1
PAIR,run02,indoor_static,140,100,922.000,7,125,4/5,14,102334,102627,-67,9.75,-62,9.25,39,1
PAIR,run02,indoor_static,141,100,922.000,7,125,4/5,14,102885,103178,-66,9.75,-60,9.75,39,1
PAIR,run02,indoor_static,142,100,922.000,7,125,4/5,14,103438,103731,-66,9.5,-61,9.5,39,1
PAIR,run02,indoor_static,143,100,922.000,7,125,4/5,14,103989,104282,-67,9.5,-61,9.5,39,1
PAIR,run02,indoor_static,144,100,922.000,7,125,4/5,14,104540,104832,-67,9.5,-61,9.75,39,1
PAIR,run02,indoor_static,145,100,922.000,7,125,4/5,14,105091,105384,-67,9.25,-62,9.5,39,1
PAIR,run02,indoor_static,146,100,922.000,7,125,4/5,14,105643,105935,-66,9.5,-61,9.5,39,1
PAIR,run02,indoor_static,147,100,922.000,7,125,4/5,14,106194,106487,-67,9.5,-61,10.0,39,1
PAIR,run02,indoor_static,148,100,922.000,7,125,4/5,14,106745,107038,-66,9.5,-60,9.5,39,1
PAIR,run02,indoor_static,149,100,922.000,7,125,4/5,14,107297,107590,-66,9.5,-61,9.75,39,1
PAIR,run02,indoor_static,150,100,922.000,7,125,4/5,14,107848,108141,-67,9.5,-61,10.0,39,1
PAIR,run02,indoor_static,151,100,922.000,7,125,4/5,14,108399,108692,-65,9.25,-60,9.5,39,1
PAIR,run02,indoor_static,152,100,922.000,7,125,4/5,14,108951,109244,-65,9.75,-60,9.75,39,1
PAIR,run02,indoor_static,153,100,922.000,7,125,4/5,14,109502,109797,-65,9.0,-60,9.75,39,1
PAIR,run02,indoor_static,154,100,922.000,7,125,4/5,14,110055,110348,-63,10.5,-60,9.75,39,1
PAIR,run02,indoor_static,155,100,922.000,7,125,4/5,14,110606,110900,-63,9.75,-60,9.75,39,1
PAIR,run02,indoor_static,156,100,922.000,7,125,4/5,14,111160,111453,-63,9.75,-60,9.25,39,1
PAIR,run02,indoor_static,157,100,922.000,7,125,4/5,14,111711,112004,-63,9.5,-60,9.5,39,1
PAIR,run02,indoor_static,158,100,922.000,7,125,4/5,14,112262,112555,-64,9.25,-60,9.5,39,1
PAIR,run02,indoor_static,159,100,922.000,7,125,4/5,14,112813,113106,-63,9.75,-60,9.5,39,1
PAIR,run02,indoor_static,160,100,922.000,7,125,4/5,14,113365,113658,-63,9.75,-60,9.5,39,1
PAIR,run02,indoor_static,161,100,922.000,7,125,4/5,14,113916,114210,-63,9.5,-60,9.75,39,1
PAIR,run02,indoor_static,162,100,922.000,7,125,4/5,14,114469,114761,-63,9.75,-60,9.75,39,1
PAIR,run02,indoor_static,163,100,922.000,7,125,4/5,14,115020,115312,-64,9.25,-59,9.75,39,1
PAIR,run02,indoor_static,164,100,922.000,7,125,4/5,14,115571,115864,-63,9.5,-59,9.75,39,1
PAIR,run02,indoor_static,165,100,922.000,7,125,4/5,14,116122,116415,-66,9.5,-60,9.75,39,1
PAIR,run02,indoor_static,166,100,922.000,7,125,4/5,14,116674,116967,-66,9.5,-60,9.5,39,1
PAIR,run02,indoor_static,167,100,922.000,7,125,4/5,14,117225,117518,-66,9.25,-59,9.5,39,1
PAIR,run02,indoor_static,168,100,922.000,7,125,4/5,14,117776,118069,-66,9.25,-60,9.5,39,1
PAIR,run02,indoor_static,169,100,922.000,7,125,4/5,14,118327,118622,-66,9.25,-61,9.5,39,1
PAIR,run02,indoor_static,170,100,922.000,7,125,4/5,14,118881,119173,-66,9.75,-59,10.0,39,1
PAIR,run02,indoor_static,171,100,922.000,7,125,4/5,14,119432,119725,-64,9.5,-61,10.0,39,1
PAIR,run02,indoor_static,172,100,922.000,7,125,4/5,14,119983,120276,-63,9.5,-59,9.75,39,1
PAIR,run02,indoor_static,173,100,922.000,7,125,4/5,14,120535,120827,-63,9.75,-60,9.5,39,1
PAIR,run02,indoor_static,174,100,922.000,7,125,4/5,14,121086,121378,-62,9.5,-60,9.5,39,1
PAIR,run02,indoor_static,175,100,922.000,7,125,4/5,14,121637,121930,-63,9.5,-60,10.0,39,1
PAIR,run02,indoor_static,176,100,922.000,7,125,4/5,14,122188,122481,-63,10.0,-60,9.5,39,1
PAIR,run02,indoor_static,177,100,922.000,7,125,4/5,14,122740,123032,-63,9.5,-60,9.5,39,1
PAIR,run02,indoor_static,178,100,922.000,7,125,4/5,14,123291,123584,-62,10.25,-60,9.25,39,1
PAIR,run02,indoor_static,179,100,922.000,7,125,4/5,14,123842,124135,-63,9.75,-60,9.5,39,1
PAIR,run02,indoor_static,180,100,922.000,7,125,4/5,14,124394,124687,-63,9.25,-60,9.5,39,1
PAIR,run02,indoor_static,181,100,922.000,7,125,4/5,14,124945,125238,-63,9.75,-59,10.25,39,1
PAIR,run02,indoor_static,182,100,922.000,7,125,4/5,14,125497,125789,-64,9.25,-61,9.75,39,1
PAIR,run02,indoor_static,183,100,922.000,7,125,4/5,14,126048,126342,-67,9.75,-61,9.5,39,1
PAIR,run02,indoor_static,184,100,922.000,7,125,4/5,14,126600,126893,-67,9.5,-60,9.75,39,1
PAIR,run02,indoor_static,185,100,922.000,7,125,4/5,14,127152,127445,-67,9.75,-61,9.75,39,1
PAIR,run02,indoor_static,186,100,922.000,7,125,4/5,14,127703,127998,-65,9.25,-60,9.75,39,1
PAIR,run02,indoor_static,187,100,922.000,7,125,4/5,14,128256,128549,-66,9.0,-61,10.25,39,1
PAIR,run02,indoor_static,188,100,922.000,7,125,4/5,14,128807,129100,-66,9.5,-61,9.75,39,1
PAIR,run02,indoor_static,189,100,922.000,7,125,4/5,14,129359,129654,-66,9.75,-61,10.0,39,1
PAIR,run02,indoor_static,190,100,922.000,7,125,4/5,14,129912,130205,-67,9.25,-62,9.25,39,1
PAIR,run02,indoor_static,191,100,922.000,7,125,4/5,14,130464,130756,-66,9.25,-62,9.5,39,1
PAIR,run02,indoor_static,192,100,922.000,7,125,4/5,14,131015,131307,-67,9.0,-60,9.5,39,1
PAIR,run02,indoor_static,193,100,922.000,7,125,4/5,14,131566,131859,-67,9.75,-61,10.0,39,1
PAIR,run02,indoor_static,194,100,922.000,7,125,4/5,14,132117,132411,-66,9.5,-60,9.75,39,1
PAIR,run02,indoor_static,195,100,922.000,7,125,4/5,14,132670,132962,-67,9.5,-61,9.5,39,1
PAIR,run02,indoor_static,196,100,922.000,7,125,4/5,14,133221,133514,-66,9.25,-61,9.5,39,1
PAIR,run02,indoor_static,197,100,922.000,7,125,4/5,14,133772,134065,-66,9.5,-60,9.75,39,1
PAIR,run02,indoor_static,198,100,922.000,7,125,4/5,14,134323,134616,-67,9.5,-60,9.25,39,1
PAIR,run02,indoor_static,199,100,922.000,7,125,4/5,14,134875,135168,-67,9.75,-60,9.75,39,1
PAIR,run02,indoor_static,200,100,922.000,7,125,4/5,14,135426,135718,-67,9.5,-60,9.5,39,1
PAIR,run02,indoor_static,201,100,922.000,7,125,4/5,14,135977,136269,-67,9.0,-60,9.75,39,1
PAIR,run02,indoor_static,202,100,922.000,7,125,4/5,14,136527,136821,-66,9.25,-61,9.5,39,1
PAIR,run02,indoor_static,203,100,922.000,7,125,4/5,14,137079,137374,-67,9.5,-60,9.25,39,1
PAIR,run02,indoor_static,204,100,922.000,7,125,4/5,14,137632,137925,-67,9.5,-60,9.5,39,1
PAIR,run02,indoor_static,205,100,922.000,7,125,4/5,14,138184,138477,-66,9.5,-60,9.5,39,1
PAIR,run02,indoor_static,206,100,922.000,7,125,4/5,14,138735,139028,-66,10.0,-60,9.75,39,1
PAIR,run02,indoor_static,207,100,922.000,7,125,4/5,14,139287,139580,-66,9.75,-61,9.75,39,1
PAIR,run02,indoor_static,208,100,922.000,7,125,4/5,14,139838,140131,-67,9.75,-60,10.0,39,1
PAIR,run02,indoor_static,209,100,922.000,7,125,4/5,14,140389,140682,-66,9.5,-59,9.75,39,1
PAIR,run02,indoor_static,210,100,922.000,7,125,4/5,14,140940,141233,-67,9.75,-61,9.5,39,1
PAIR,run02,indoor_static,211,100,922.000,7,125,4/5,14,141492,141785,-66,9.5,-60,9.75,39,1
PAIR,run02,indoor_static,212,100,922.000,7,125,4/5,14,142043,142336,-67,9.5,-60,9.75,39,1
PAIR,run02,indoor_static,213,100,922.000,7,125,4/5,14,142595,142888,-67,9.0,-59,9.75,39,1
PAIR,run02,indoor_static,214,100,922.000,7,125,4/5,14,143146,143439,-67,9.75,-60,10.0,39,1
PAIR,run02,indoor_static,215,100,922.000,7,125,4/5,14,143698,143991,-66,9.5,-60,9.5,39,1
PAIR,run02,indoor_static,216,100,922.000,7,125,4/5,14,144249,144542,-67,9.25,-60,9.5,39,1
PAIR,run02,indoor_static,217,100,922.000,7,125,4/5,14,144800,145095,-63,9.75,-60,9.5,39,1
PAIR,run02,indoor_static,218,100,922.000,7,125,4/5,14,145353,145646,-64,9.5,-59,9.5,39,1
PAIR,run02,indoor_static,219,100,922.000,7,125,4/5,14,145905,146199,-63,9.5,-60,9.25,39,1
PAIR,run02,indoor_static,220,100,922.000,7,125,4/5,14,146458,146750,-63,9.75,-60,9.25,39,1
PAIR,run02,indoor_static,221,100,922.000,7,125,4/5,14,147009,147302,-64,9.5,-59,9.25,39,1
PAIR,run02,indoor_static,222,100,922.000,7,125,4/5,14,147560,147854,-64,9.5,-60,9.5,39,1
PAIR,run02,indoor_static,223,100,922.000,7,125,4/5,14,148112,148405,-63,9.75,-59,9.25,39,1
PAIR,run02,indoor_static,224,100,922.000,7,125,4/5,14,148663,148956,-62,9.75,-59,9.25,39,1
PAIR,run02,indoor_static,225,100,922.000,7,125,4/5,14,149215,149508,-63,9.5,-59,9.5,39,1
PAIR,run02,indoor_static,226,100,922.000,7,125,4/5,14,149766,150059,-63,9.75,-59,9.25,39,1
PAIR,run02,indoor_static,227,100,922.000,7,125,4/5,14,150317,150612,-63,10.0,-59,9.75,39,1
PAIR,run02,indoor_static,228,100,922.000,7,125,4/5,14,150870,151163,-65,9.75,-61,9.75,39,1
PAIR,run02,indoor_static,229,100,922.000,7,125,4/5,14,151422,151715,-67,9.25,-61,9.5,39,1
PAIR,run02,indoor_static,230,100,922.000,7,125,4/5,14,151973,152266,-66,9.25,-61,9.75,39,1
PAIR,run02,indoor_static,231,100,922.000,7,125,4/5,14,152526,152819,-67,9.5,-60,9.75,39,1
PAIR,run02,indoor_static,232,100,922.000,7,125,4/5,14,153077,153370,-66,9.5,-61,10.25,39,1
PAIR,run02,indoor_static,233,100,922.000,7,125,4/5,14,153628,153921,-67,9.75,-60,10.0,39,1
PAIR,run02,indoor_static,234,100,922.000,7,125,4/5,14,154180,154472,-67,9.75,-61,9.25,39,1
PAIR,run02,indoor_static,235,100,922.000,7,125,4/5,14,154731,155023,-66,9.5,-60,9.75,39,1
PAIR,run02,indoor_static,236,100,922.000,7,125,4/5,14,155282,155574,-66,9.75,-61,9.75,39,1
PAIR,run02,indoor_static,237,100,922.000,7,125,4/5,14,155833,156126,-67,9.25,-61,9.75,39,1
PAIR,run02,indoor_static,238,100,922.000,7,125,4/5,14,156384,156677,-67,9.25,-60,9.5,39,1
PAIR,run02,indoor_static,239,100,922.000,7,125,4/5,14,156935,157228,-67,9.5,-61,9.5,39,1
PAIR,run02,indoor_static,240,100,922.000,7,125,4/5,14,157487,157780,-67,9.75,-62,9.75,39,1
PAIR,run02,indoor_static,241,100,922.000,7,125,4/5,14,158038,158331,-65,9.0,-61,9.75,39,1
PAIR,run02,indoor_static,242,100,922.000,7,125,4/5,14,158590,158882,-64,9.25,-62,9.75,39,1
PAIR,run02,indoor_static,243,100,922.000,7,125,4/5,14,159141,159433,-64,9.5,-61,10.0,39,1
PAIR,run02,indoor_static,244,100,922.000,7,125,4/5,14,159692,159984,-64,9.0,-61,9.75,39,1
PAIR,run02,indoor_static,245,100,922.000,7,125,4/5,14,160245,160537,-63,9.25,-61,9.75,39,1
PAIR,run02,indoor_static,246,100,922.000,7,125,4/5,14,160796,161089,-63,9.25,-62,9.5,39,1
PAIR,run02,indoor_static,247,100,922.000,7,125,4/5,14,161347,161640,-63,9.75,-62,9.5,39,1
PAIR,run02,indoor_static,248,100,922.000,7,125,4/5,14,161899,162192,-63,9.75,-62,9.75,39,1
PAIR,run02,indoor_static,249,100,922.000,7,125,4/5,14,162450,162743,-64,9.25,-62,10.5,39,1
PAIR,run02,indoor_static,250,100,922.000,7,125,4/5,14,163001,163294,-63,9.25,-63,10.0,39,1
PAIR,run02,indoor_static,251,100,922.000,7,125,4/5,14,163553,163845,-63,12.25,-62,9.75,39,1
PAIR,run02,indoor_static,252,100,922.000,7,125,4/5,14,164104,164398,-63,9.5,-61,10.0,39,1
PAIR,run02,indoor_static,253,100,922.000,7,125,4/5,14,164657,164949,-61,9.75,-60,9.25,39,1
PAIR,run02,indoor_static,254,100,922.000,7,125,4/5,14,165208,165500,-61,9.25,-60,9.75,39,1
PAIR,run02,indoor_static,255,100,922.000,7,125,4/5,14,165759,166052,-60,10.0,-60,9.5,39,1
PAIR,run02,indoor_static,256,100,922.000,7,125,4/5,14,166310,166603,-61,9.25,-61,9.75,39,1
PAIR,run02,indoor_static,257,100,922.000,7,125,4/5,14,166862,167155,-63,9.5,-60,9.25,39,1
PAIR,run02,indoor_static,258,100,922.000,7,125,4/5,14,167413,167707,-61,9.75,-61,9.75,39,1
PAIR,run02,indoor_static,259,100,922.000,7,125,4/5,14,167966,168258,-63,9.75,-63,10.0,39,1
PAIR,run02,indoor_static,260,100,922.000,7,125,4/5,14,168516,168810,-62,9.75,-60,10.0,39,1
PAIR,run02,indoor_static,261,100,922.000,7,125,4/5,14,169068,169361,-63,9.5,-60,9.5,39,1
PAIR,run02,indoor_static,262,100,922.000,7,125,4/5,14,169620,169913,-64,9.25,-61,9.75,39,1
PAIR,run02,indoor_static,263,100,922.000,7,125,4/5,14,170171,170464,-63,9.75,-60,9.5,39,1
PAIR,run02,indoor_static,264,100,922.000,7,125,4/5,14,170723,171016,-63,10.0,-60,9.5,39,1
PAIR,run02,indoor_static,265,100,922.000,7,125,4/5,14,171274,171567,-62,10.0,-60,9.25,39,1
PAIR,run02,indoor_static,266,100,922.000,7,125,4/5,14,171826,172118,-62,10.0,-60,9.25,39,1
PAIR,run02,indoor_static,267,100,922.000,7,125,4/5,14,172377,172670,-63,9.5,-59,9.25,39,1
PAIR,run02,indoor_static,268,100,922.000,7,125,4/5,14,172928,173221,-63,10.0,-59,9.25,39,1
PAIR,run02,indoor_static,269,100,922.000,7,125,4/5,14,173480,173773,-62,9.5,-59,9.5,39,1
PAIR,run02,indoor_static,270,100,922.000,7,125,4/5,14,174031,174324,-63,9.5,-59,9.25,39,1
PAIR,run02,indoor_static,271,100,922.000,7,125,4/5,14,174582,174875,-63,9.25,-59,9.0,39,1
PAIR,run02,indoor_static,272,100,922.000,7,125,4/5,14,175134,175429,-62,10.0,-59,9.5,39,1
PAIR,run02,indoor_static,273,100,922.000,7,125,4/5,14,175687,175980,-63,9.75,-59,9.75,39,1
PAIR,run02,indoor_static,274,100,922.000,7,125,4/5,14,176238,176531,-63,9.75,-59,9.5,39,1
PAIR,run02,indoor_static,275,100,922.000,7,125,4/5,14,176790,177083,-63,9.25,-59,9.75,39,1
PAIR,run02,indoor_static,276,100,922.000,7,125,4/5,14,177341,177633,-63,10.0,-59,9.75,39,1
PAIR,run02,indoor_static,277,100,922.000,7,125,4/5,14,177892,178184,-63,9.75,-59,9.0,39,1
PAIR,run02,indoor_static,278,100,922.000,7,125,4/5,14,178443,178736,-62,9.75,-59,9.5,39,1
PAIR,run02,indoor_static,279,100,922.000,7,125,4/5,14,178994,179287,-62,9.75,-59,9.75,39,1
PAIR,run02,indoor_static,280,100,922.000,7,125,4/5,14,179545,179838,-62,9.75,-59,9.5,39,1
PAIR,run02,indoor_static,281,100,922.000,7,125,4/5,14,180097,180390,-63,9.75,-59,9.5,39,1
PAIR,run02,indoor_static,282,100,922.000,7,125,4/5,14,180648,180941,-63,9.75,-58,9.5,39,1
PAIR,run02,indoor_static,283,100,922.000,7,125,4/5,14,181199,181492,-63,9.25,-59,9.5,39,1
PAIR,run02,indoor_static,284,100,922.000,7,125,4/5,14,181750,182043,-62,9.75,-58,10.25,39,1
PAIR,run02,indoor_static,285,100,922.000,7,125,4/5,14,182302,182596,-62,9.5,-58,9.5,39,1
PAIR,run02,indoor_static,286,100,922.000,7,125,4/5,14,182854,183148,-62,9.5,-59,9.0,39,1
PAIR,run02,indoor_static,287,100,922.000,7,125,4/5,14,183407,183700,-62,9.5,-58,10.0,39,1
PAIR,run02,indoor_static,288,100,922.000,7,125,4/5,14,183959,184251,-62,9.75,-59,9.5,39,1
PAIR,run02,indoor_static,289,100,922.000,7,125,4/5,14,184510,184803,-62,9.5,-59,9.5,39,1
PAIR,run02,indoor_static,290,100,922.000,7,125,4/5,14,185061,185354,-62,9.75,-58,10.0,39,1
PAIR,run02,indoor_static,291,100,922.000,7,125,4/5,14,185613,185905,-62,9.5,-58,9.25,39,1
PAIR,run02,indoor_static,292,100,922.000,7,125,4/5,14,186163,186455,-62,10.0,-58,10.0,39,1
PAIR,run02,indoor_static,293,100,922.000,7,125,4/5,14,186714,187008,-62,9.75,-58,9.5,39,1
PAIR,run02,indoor_static,294,100,922.000,7,125,4/5,14,187267,187560,-62,9.25,-58,9.75,39,1
PAIR,run02,indoor_static,295,100,922.000,7,125,4/5,14,187819,188111,-62,9.75,-58,9.5,39,1
PAIR,run02,indoor_static,296,100,922.000,7,125,4/5,14,188370,188662,-62,9.5,-59,9.5,39,1
PAIR,run02,indoor_static,297,100,922.000,7,125,4/5,14,188921,189213,-62,9.5,-59,9.75,39,1
PAIR,run02,indoor_static,298,100,922.000,7,125,4/5,14,189472,189765,-62,9.75,-58,9.75,39,1
PAIR,run02,indoor_static,299,100,922.000,7,125,4/5,14,190024,190316,-61,10.75,-59,9.25,39,1
PAIR,run02,indoor_static,300,100,922.000,7,125,4/5,14,190575,190869,-63,9.5,-60,9.5,39,1
PAIR,run02,indoor_static,301,100,922.000,7,125,4/5,14,191127,191422,-67,9.5,-60,10.0,39,1
PAIR,run02,indoor_static,302,100,922.000,7,125,4/5,14,191680,191973,-66,9.75,-61,9.5,39,1
PAIR,run02,indoor_static,303,100,922.000,7,125,4/5,14,192231,192524,-65,9.0,-60,9.5,39,1
PAIR,run02,indoor_static,304,100,922.000,7,125,4/5,14,192783,193076,-65,9.75,-60,9.75,39,1
PAIR,run02,indoor_static,305,100,922.000,7,125,4/5,14,193334,193627,-64,9.5,-60,9.5,39,1
PAIR,run02,indoor_static,306,100,922.000,7,125,4/5,14,193885,194180,-65,9.5,-59,10.25,39,1
PAIR,run02,indoor_static,307,100,922.000,7,125,4/5,14,194438,194731,-64,9.25,-60,10.0,39,1
PAIR,run02,indoor_static,308,100,922.000,7,125,4/5,14,194990,195282,-64,9.5,-59,9.5,39,1
PAIR,run02,indoor_static,309,100,922.000,7,125,4/5,14,195541,195834,-64,9.25,-60,9.75,39,1
PAIR,run02,indoor_static,310,100,922.000,7,125,4/5,14,196092,196385,-64,9.0,-60,10.0,39,1
PAIR,run02,indoor_static,311,100,922.000,7,125,4/5,14,196644,196937,-64,9.25,-59,10.0,39,1
PAIR,run02,indoor_static,312,100,922.000,7,125,4/5,14,197195,197488,-64,9.25,-60,9.5,39,1
PAIR,run02,indoor_static,313,100,922.000,7,125,4/5,14,197747,198039,-64,9.75,-59,10.25,39,1
PAIR,run02,indoor_static,314,100,922.000,7,125,4/5,14,198298,198591,-64,9.25,-60,9.0,39,1
PAIR,run02,indoor_static,315,100,922.000,7,125,4/5,14,198850,199143,-64,9.25,-60,9.75,39,1
PAIR,run02,indoor_static,316,100,922.000,7,125,4/5,14,199401,199694,-64,9.0,-60,10.0,39,1
PAIR,run02,indoor_static,317,100,922.000,7,125,4/5,14,199953,200245,-64,9.25,-60,9.25,39,1
PAIR,run02,indoor_static,318,100,922.000,7,125,4/5,14,200504,200798,-64,9.0,-60,9.75,39,1
PAIR,run02,indoor_static,319,100,922.000,7,125,4/5,14,201056,201349,-64,9.0,-61,9.5,39,1
PAIR,run02,indoor_static,320,100,922.000,7,125,4/5,14,201607,201902,-64,9.0,-60,9.75,39,1
PAIR,run02,indoor_static,321,100,922.000,7,125,4/5,14,202160,202453,-64,9.0,-60,9.25,39,1
PAIR,run02,indoor_static,322,100,922.000,7,125,4/5,14,202712,203004,-64,9.25,-60,9.25,39,1
PAIR,run02,indoor_static,323,100,922.000,7,125,4/5,14,203263,203556,-65,9.25,-61,9.75,39,1
PAIR,run02,indoor_static,324,100,922.000,7,125,4/5,14,203815,204107,-65,9.75,-60,9.75,39,1
PAIR,run02,indoor_static,325,100,922.000,7,125,4/5,14,204366,204659,-65,9.25,-60,9.75,39,1
PAIR,run02,indoor_static,326,100,922.000,7,125,4/5,14,204917,205211,-64,9.5,-60,9.75,39,1
PAIR,run02,indoor_static,327,100,922.000,7,125,4/5,14,205470,205763,-64,9.5,-60,9.75,39,1
PAIR,run02,indoor_static,328,100,922.000,7,125,4/5,14,206021,206314,-64,9.25,-60,10.0,39,1
PAIR,run02,indoor_static,329,100,922.000,7,125,4/5,14,206573,206866,-65,9.5,-60,10.0,39,1
PAIR,run02,indoor_static,330,100,922.000,7,125,4/5,14,207124,207417,-64,9.25,-60,9.75,39,1
PAIR,run02,indoor_static,331,100,922.000,7,125,4/5,14,207676,207969,-64,9.25,-60,10.0,39,1
PAIR,run02,indoor_static,332,100,922.000,7,125,4/5,14,208227,208520,-64,9.75,-60,9.75,39,1
PAIR,run02,indoor_static,333,100,922.000,7,125,4/5,14,208778,209071,-64,9.25,-59,9.5,39,1
PAIR,run02,indoor_static,334,100,922.000,7,125,4/5,14,209331,209624,-65,9.5,-62,9.5,39,1
PAIR,run02,indoor_static,335,100,922.000,7,125,4/5,14,209883,210176,-64,9.5,-59,10.0,39,1
PAIR,run02,indoor_static,336,100,922.000,7,125,4/5,14,210434,210727,-62,9.75,-59,9.0,39,1
PAIR,run02,indoor_static,337,100,922.000,7,125,4/5,14,210986,211279,-64,9.25,-60,9.75,39,1
PAIR,run02,indoor_static,338,100,922.000,7,125,4/5,14,211537,211829,-65,9.5,-61,9.75,39,1
PAIR,run02,indoor_static,339,100,922.000,7,125,4/5,14,212088,212381,-65,9.5,-60,10.25,39,1
PAIR,run02,indoor_static,340,100,922.000,7,125,4/5,14,212639,212932,-65,9.75,-61,9.5,39,1
PAIR,run02,indoor_static,341,100,922.000,7,125,4/5,14,213191,213483,-65,9.25,-61,9.5,39,1
PAIR,run02,indoor_static,342,100,922.000,7,125,4/5,14,213742,214034,-66,9.5,-60,9.75,39,1
PAIR,run02,indoor_static,343,100,922.000,7,125,4/5,14,214292,214585,-66,9.5,-61,9.5,39,1
PAIR,run02,indoor_static,344,100,922.000,7,125,4/5,14,214843,215136,-66,9.25,-60,10.0,39,1
PAIR,run02,indoor_static,345,100,922.000,7,125,4/5,14,215395,215688,-65,9.75,-62,9.25,39,1
PAIR,run02,indoor_static,346,100,922.000,7,125,4/5,14,215946,216239,-65,9.5,-61,9.75,39,1
PAIR,run02,indoor_static,347,100,922.000,7,125,4/5,14,216498,216791,-65,9.25,-61,9.25,39,1
PAIR,run02,indoor_static,348,100,922.000,7,125,4/5,14,217049,217344,-65,9.75,-61,9.5,39,1
PAIR,run02,indoor_static,349,100,922.000,7,125,4/5,14,217602,217895,-66,9.5,-61,9.75,39,1
PAIR,run02,indoor_static,350,100,922.000,7,125,4/5,14,218154,218446,-64,9.25,-60,9.75,39,1
PAIR,run02,indoor_static,351,100,922.000,7,125,4/5,14,218705,218999,-65,9.5,-61,10.0,39,1
PAIR,run02,indoor_static,352,100,922.000,7,125,4/5,14,219258,219551,-64,9.5,-60,10.0,39,1
PAIR,run02,indoor_static,353,100,922.000,7,125,4/5,14,219809,220102,-65,9.5,-60,10.25,39,1
PAIR,run02,indoor_static,354,100,922.000,7,125,4/5,14,220361,220654,-65,9.5,-61,9.5,39,1
PAIR,run02,indoor_static,355,100,922.000,7,125,4/5,14,220912,221205,-66,9.5,-60,10.25,39,1
PAIR,run02,indoor_static,356,100,922.000,7,125,4/5,14,221463,221757,-65,9.25,-61,9.75,39,1
PAIR,run02,indoor_static,357,100,922.000,7,125,4/5,14,222017,222310,-65,9.75,-60,10.0,39,1
PAIR,run02,indoor_static,358,100,922.000,7,125,4/5,14,222568,222861,-65,9.75,-61,10.25,39,1
PAIR,run02,indoor_static,359,100,922.000,7,125,4/5,14,223119,223413,-65,9.5,-60,10.0,39,1
PAIR,run02,indoor_static,360,100,922.000,7,125,4/5,14,223672,223964,-66,9.5,-60,10.0,39,1
PAIR,run02,indoor_static,361,100,922.000,7,125,4/5,14,224223,224516,-65,9.25,-62,9.5,39,1
PAIR,run02,indoor_static,362,100,922.000,7,125,4/5,14,224774,225067,-65,10.0,-61,9.5,39,1
PAIR,run02,indoor_static,363,100,922.000,7,125,4/5,14,225326,225619,-66,9.25,-62,10.25,39,1
PAIR,run02,indoor_static,364,100,922.000,7,125,4/5,14,225877,226170,-65,9.5,-62,10.25,39,1
PAIR,run02,indoor_static,365,100,922.000,7,125,4/5,14,226429,226722,-66,9.25,-62,9.5,39,1
PAIR,run02,indoor_static,366,100,922.000,7,125,4/5,14,226982,227275,-65,9.0,-61,10.0,39,1
PAIR,run02,indoor_static,367,100,922.000,7,125,4/5,14,227533,227826,-66,9.5,-60,10.5,39,1
PAIR,run02,indoor_static,368,100,922.000,7,125,4/5,14,228084,228377,-64,9.5,-61,9.5,39,1
PAIR,run02,indoor_static,369,100,922.000,7,125,4/5,14,228636,228929,-64,9.25,-60,10.25,39,1
PAIR,run02,indoor_static,370,100,922.000,7,125,4/5,14,229187,229479,-64,9.5,-61,9.75,39,1
PAIR,run02,indoor_static,371,100,922.000,7,125,4/5,14,229738,230031,-65,9.0,-61,9.5,39,1
PAIR,run02,indoor_static,372,100,922.000,7,125,4/5,14,230289,230582,-65,9.5,-61,9.75,39,1
PAIR,run02,indoor_static,373,100,922.000,7,125,4/5,14,230841,231134,-65,10.0,-62,10.0,39,1
PAIR,run02,indoor_static,374,100,922.000,7,125,4/5,14,231392,231686,-65,9.5,-61,9.75,39,1
PAIR,run02,indoor_static,375,100,922.000,7,125,4/5,14,231945,232238,-65,9.5,-61,10.0,39,1
PAIR,run02,indoor_static,376,100,922.000,7,125,4/5,14,232496,232791,-65,9.75,-62,9.5,39,1
PAIR,run02,indoor_static,377,100,922.000,7,125,4/5,14,233049,233342,-65,9.0,-60,12.5,39,1
PAIR,run02,indoor_static,378,100,922.000,7,125,4/5,14,233600,233892,-65,9.5,-61,10.0,39,1
PAIR,run02,indoor_static,379,100,922.000,7,125,4/5,14,234151,234444,-64,9.25,-60,9.5,39,1
PAIR,run02,indoor_static,380,100,922.000,7,125,4/5,14,234703,234995,-63,9.5,-60,9.25,39,1
PAIR,run02,indoor_static,381,100,922.000,7,125,4/5,14,235254,235547,-64,9.25,-59,9.5,39,1
PAIR,run02,indoor_static,382,100,922.000,7,125,4/5,14,235805,236098,-64,9.0,-59,9.5,39,1
PAIR,run02,indoor_static,383,100,922.000,7,125,4/5,14,236357,236651,-64,9.25,-60,9.0,39,1
PAIR,run02,indoor_static,384,100,922.000,7,125,4/5,14,236910,237203,-64,9.75,-59,9.25,39,1
PAIR,run02,indoor_static,385,100,922.000,7,125,4/5,14,237462,237755,-64,9.75,-59,9.25,39,1
PAIR,run02,indoor_static,386,100,922.000,7,125,4/5,14,238013,238306,-63,9.75,-59,9.5,39,1
PAIR,run02,indoor_static,387,100,922.000,7,125,4/5,14,238565,238857,-62,9.5,-59,9.25,39,1
PAIR,run02,indoor_static,388,100,922.000,7,125,4/5,14,239116,239408,-63,9.25,-58,9.5,39,1
PAIR,run02,indoor_static,389,100,922.000,7,125,4/5,14,239667,239960,-63,9.75,-59,9.5,39,1
PAIR,run02,indoor_static,390,100,922.000,7,125,4/5,14,240218,240511,-63,9.75,-59,9.5,39,1
PAIR,run02,indoor_static,391,100,922.000,7,125,4/5,14,240769,241062,-63,9.5,-59,9.75,39,1
PAIR,run02,indoor_static,392,100,922.000,7,125,4/5,14,241320,241615,-63,10.0,-59,9.5,39,1
PAIR,run02,indoor_static,393,100,922.000,7,125,4/5,14,241874,242166,-63,10.25,-59,9.75,39,1
PAIR,run02,indoor_static,394,100,922.000,7,125,4/5,14,242425,242718,-63,9.5,-59,9.75,39,1
PAIR,run02,indoor_static,395,100,922.000,7,125,4/5,14,242977,243269,-63,9.5,-59,9.75,39,1
PAIR,run02,indoor_static,396,100,922.000,7,125,4/5,14,243528,243821,-63,9.5,-59,9.5,39,1
PAIR,run02,indoor_static,397,100,922.000,7,125,4/5,14,244079,244372,-63,9.75,-59,9.25,39,1
PAIR,run02,indoor_static,398,100,922.000,7,125,4/5,14,244630,244923,-64,9.5,-59,9.0,39,1
PAIR,run02,indoor_static,399,100,922.000,7,125,4/5,14,245181,245474,-63,10.0,-59,9.75,39,1
PAIR,run02,indoor_static,400,100,922.000,7,125,4/5,14,245732,246025,-63,9.5,-59,9.75,39,1
PAIR,run02,indoor_static,401,100,922.000,7,125,4/5,14,246283,246577,-63,9.5,-59,10.0,39,1
PAIR,run02,indoor_static,402,100,922.000,7,125,4/5,14,246836,247128,-63,10.0,-59,12.5,39,1
PAIR,run02,indoor_static,403,100,922.000,7,125,4/5,14,247387,247680,-63,9.25,-59,9.5,39,1
PAIR,run02,indoor_static,404,100,922.000,7,125,4/5,14,247938,248231,-63,10.25,-59,9.25,39,1
PAIR,run02,indoor_static,405,100,922.000,7,125,4/5,14,248490,248783,-63,9.25,-59,9.25,39,1
PAIR,run02,indoor_static,406,100,922.000,7,125,4/5,14,249041,249334,-63,9.5,-59,9.25,39,1
PAIR,run02,indoor_static,407,100,922.000,7,125,4/5,14,249592,249885,-63,9.75,-59,9.25,39,1
PAIR,run02,indoor_static,408,100,922.000,7,125,4/5,14,250144,250436,-63,9.75,-58,9.5,39,1
PAIR,run02,indoor_static,409,100,922.000,7,125,4/5,14,250695,250989,-64,9.5,-59,9.75,39,1
PAIR,run02,indoor_static,410,100,922.000,7,125,4/5,14,251248,251542,-63,9.5,-60,9.5,39,1
PAIR,run02,indoor_static,411,100,922.000,7,125,4/5,14,251801,252094,-63,9.5,-59,9.75,39,1
PAIR,run02,indoor_static,412,100,922.000,7,125,4/5,14,252352,252645,-64,9.25,-59,10.0,39,1
PAIR,run02,indoor_static,413,100,922.000,7,125,4/5,14,252903,253196,-63,10.0,-60,9.0,39,1
PAIR,run02,indoor_static,414,100,922.000,7,125,4/5,14,253455,253748,-64,9.25,-59,9.25,39,1
PAIR,run02,indoor_static,415,100,922.000,7,125,4/5,14,254006,254299,-63,9.5,-59,9.5,39,1
PAIR,run02,indoor_static,416,100,922.000,7,125,4/5,14,254557,254850,-63,9.75,-59,9.75,39,1
PAIR,run02,indoor_static,417,100,922.000,7,125,4/5,14,255109,255403,-63,9.5,-59,9.5,39,1
PAIR,run02,indoor_static,418,100,922.000,7,125,4/5,14,255661,255954,-64,9.75,-59,10.25,39,1
PAIR,run02,indoor_static,419,100,922.000,7,125,4/5,14,256213,256506,-64,9.5,-59,9.75,39,1
PAIR,run02,indoor_static,420,100,922.000,7,125,4/5,14,256765,257058,-63,9.75,-59,9.5,39,1
PAIR,run02,indoor_static,421,100,922.000,7,125,4/5,14,257317,257609,-63,9.25,-60,9.25,39,1
PAIR,run02,indoor_static,422,100,922.000,7,125,4/5,14,257868,258161,-65,9.25,-60,9.75,39,1
PAIR,run02,indoor_static,423,100,922.000,7,125,4/5,14,258419,258712,-66,9.25,-60,9.5,39,1
PAIR,run02,indoor_static,424,100,922.000,7,125,4/5,14,258970,259263,-66,9.75,-60,10.25,39,1
PAIR,run02,indoor_static,425,100,922.000,7,125,4/5,14,259522,259815,-67,9.5,-60,10.0,39,1
PAIR,run02,indoor_static,426,100,922.000,7,125,4/5,14,260073,260366,-66,9.75,-59,10.0,39,1
PAIR,run02,indoor_static,427,100,922.000,7,125,4/5,14,260625,260918,-64,9.25,-60,9.5,39,1
PAIR,run02,indoor_static,428,100,922.000,7,125,4/5,14,261176,261470,-65,9.25,-60,9.25,39,1
PAIR,run02,indoor_static,429,100,922.000,7,125,4/5,14,261728,262021,-64,9.25,-60,10.0,39,1
PAIR,run02,indoor_static,430,100,922.000,7,125,4/5,14,262280,262572,-64,9.0,-59,9.5,39,1
PAIR,run02,indoor_static,431,100,922.000,7,125,4/5,14,262831,263124,-64,9.75,-60,9.25,39,1
PAIR,run02,indoor_static,432,100,922.000,7,125,4/5,14,263382,263675,-64,9.5,-60,9.5,39,1
PAIR,run02,indoor_static,433,100,922.000,7,125,4/5,14,263933,264226,-64,9.5,-60,9.75,39,1
PAIR,run02,indoor_static,434,100,922.000,7,125,4/5,14,264485,264778,-64,9.25,-60,9.25,39,1
PAIR,run02,indoor_static,435,100,922.000,7,125,4/5,14,265037,265329,-64,9.25,-60,10.0,39,1
PAIR,run02,indoor_static,436,100,922.000,7,125,4/5,14,265588,265881,-65,9.25,-60,10.0,39,1
PAIR,run02,indoor_static,437,100,922.000,7,125,4/5,14,266139,266433,-64,9.25,-60,9.75,39,1
PAIR,run02,indoor_static,438,100,922.000,7,125,4/5,14,266691,266984,-63,9.75,-60,9.25,39,1
PAIR,run02,indoor_static,439,100,922.000,7,125,4/5,14,267243,267535,-63,9.75,-60,9.5,39,1
PAIR,run02,indoor_static,440,100,922.000,7,125,4/5,14,267794,268087,-67,9.25,-59,9.5,39,1
PAIR,run02,indoor_static,441,100,922.000,7,125,4/5,14,268345,268638,-65,9.75,-58,9.5,39,1
PAIR,run02,indoor_static,442,100,922.000,7,125,4/5,14,268896,269191,-64,9.0,-58,10.0,39,1
PAIR,run02,indoor_static,443,100,922.000,7,125,4/5,14,269449,269742,-64,9.25,-58,9.5,39,1
PAIR,run02,indoor_static,444,100,922.000,7,125,4/5,14,270001,270294,-65,9.75,-59,9.5,39,1
PAIR,run02,indoor_static,445,100,922.000,7,125,4/5,14,270552,270845,-64,9.25,-58,9.75,39,1
PAIR,run02,indoor_static,446,100,922.000,7,125,4/5,14,271104,271397,-64,9.25,-58,10.5,39,1
PAIR,run02,indoor_static,447,100,922.000,7,125,4/5,14,271655,271948,-63,9.25,-58,10.5,39,1
PAIR,run02,indoor_static,448,100,922.000,7,125,4/5,14,272206,272498,-64,9.5,-58,10.0,39,1
PAIR,run02,indoor_static,449,100,922.000,7,125,4/5,14,272757,273050,-63,9.25,-58,9.75,39,1
PAIR,run02,indoor_static,450,100,922.000,7,125,4/5,14,273308,273602,-64,9.25,-58,10.0,39,1
PAIR,run02,indoor_static,451,100,922.000,7,125,4/5,14,273860,274153,-66,10.0,-59,9.25,39,1
PAIR,run02,indoor_static,452,100,922.000,7,125,4/5,14,274411,274704,-68,9.5,-60,9.25,39,1
PAIR,run02,indoor_static,453,100,922.000,7,125,4/5,14,274963,275256,-67,9.25,-59,9.25,39,1
PAIR,run02,indoor_static,454,100,922.000,7,125,4/5,14,275514,275807,-66,9.0,-59,9.5,39,1
PAIR,run02,indoor_static,455,100,922.000,7,125,4/5,14,276066,276360,-67,9.25,-59,9.75,39,1
PAIR,run02,indoor_static,456,100,922.000,7,125,4/5,14,276619,276911,-67,9.25,-59,9.25,39,1
PAIR,run02,indoor_static,457,100,922.000,7,125,4/5,14,277170,277462,-67,9.5,-59,9.0,39,1
PAIR,run02,indoor_static,458,100,922.000,7,125,4/5,14,277721,278013,-67,9.75,-59,9.25,39,1
PAIR,run02,indoor_static,459,100,922.000,7,125,4/5,14,278272,278565,-67,9.5,-59,9.25,39,1
PAIR,run02,indoor_static,460,100,922.000,7,125,4/5,14,278823,279116,-66,9.75,-59,9.25,39,1
PAIR,run02,indoor_static,461,100,922.000,7,125,4/5,14,279374,279667,-66,9.5,-58,9.5,39,1
PAIR,run02,indoor_static,462,100,922.000,7,125,4/5,14,279926,280219,-67,9.25,-60,9.75,39,1
PAIR,run02,indoor_static,463,100,922.000,7,125,4/5,14,280477,280770,-65,9.25,-59,9.25,39,1
PAIR,run02,indoor_static,464,100,922.000,7,125,4/5,14,281029,281323,-65,9.25,-59,9.25,39,1
PAIR,run02,indoor_static,465,100,922.000,7,125,4/5,14,281582,281875,-64,9.0,-59,9.25,39,1
PAIR,run02,indoor_static,466,100,922.000,7,125,4/5,14,282133,282426,-64,9.25,-59,9.25,39,1
PAIR,run02,indoor_static,467,100,922.000,7,125,4/5,14,282685,282977,-64,9.25,-59,9.75,39,1
PAIR,run02,indoor_static,468,100,922.000,7,125,4/5,14,283236,283528,-64,9.5,-59,9.75,39,1
PAIR,run02,indoor_static,469,100,922.000,7,125,4/5,14,283787,284080,-64,9.75,-59,8.75,39,1
PAIR,run02,indoor_static,470,100,922.000,7,125,4/5,14,284338,284631,-66,9.75,-59,9.75,39,1
PAIR,run02,indoor_static,471,100,922.000,7,125,4/5,14,284890,285183,-65,9.5,-59,9.25,39,1
PAIR,run02,indoor_static,472,100,922.000,7,125,4/5,14,285441,285734,-65,9.5,-59,9.5,39,1
PAIR,run02,indoor_static,473,100,922.000,7,125,4/5,14,285992,286287,-65,9.5,-59,10.0,39,1
PAIR,run02,indoor_static,474,100,922.000,7,125,4/5,14,286545,286838,-67,9.5,-59,9.5,39,1
PAIR,run02,indoor_static,475,100,922.000,7,125,4/5,14,287096,287391,-67,9.5,-59,9.5,39,1
PAIR,run02,indoor_static,476,100,922.000,7,125,4/5,14,287649,287942,-70,9.5,-60,9.25,39,1
PAIR,run02,indoor_static,477,100,922.000,7,125,4/5,14,288200,288493,-69,9.25,-60,9.5,39,1
PAIR,run02,indoor_static,478,100,922.000,7,125,4/5,14,288752,289044,-67,9.5,-60,9.25,39,1
PAIR,run02,indoor_static,479,100,922.000,7,125,4/5,14,289303,289596,-65,9.25,-59,9.5,39,1
PAIR,run02,indoor_static,480,100,922.000,7,125,4/5,14,289854,290147,-65,9.75,-60,9.5,39,1
PAIR,run02,indoor_static,481,100,922.000,7,125,4/5,14,290406,290699,-65,9.0,-60,9.75,39,1
PAIR,run02,indoor_static,482,100,922.000,7,125,4/5,14,290957,291250,-65,9.0,-60,9.5,39,1
PAIR,run02,indoor_static,483,100,922.000,7,125,4/5,14,291509,291802,-64,9.5,-60,9.75,39,1
PAIR,run02,indoor_static,484,100,922.000,7,125,4/5,14,292061,292353,-65,9.5,-60,9.75,39,1
PAIR,run02,indoor_static,485,100,922.000,7,125,4/5,14,292612,292905,-64,9.25,-60,9.75,39,1
PAIR,run02,indoor_static,486,100,922.000,7,125,4/5,14,293163,293456,-65,9.75,-60,10.0,39,1
PAIR,run02,indoor_static,487,100,922.000,7,125,4/5,14,293715,294008,-65,9.5,-60,9.75,39,1
PAIR,run02,indoor_static,488,100,922.000,7,125,4/5,14,294266,294559,-65,10.0,-61,10.0,39,1
PAIR,run02,indoor_static,489,100,922.000,7,125,4/5,14,294818,295110,-65,9.25,-60,9.5,39,1
PAIR,run02,indoor_static,490,100,922.000,7,125,4/5,14,295369,295662,-65,9.5,-59,9.5,39,1
PAIR,run02,indoor_static,491,100,922.000,7,125,4/5,14,295920,296214,-65,9.75,-60,9.75,39,1
PAIR,run02,indoor_static,492,100,922.000,7,125,4/5,14,296473,296765,-65,9.75,-60,9.75,39,1
PAIR,run02,indoor_static,493,100,922.000,7,125,4/5,14,297024,297317,-66,9.75,-60,9.25,39,1
PAIR,run02,indoor_static,494,100,922.000,7,125,4/5,14,297575,297868,-63,9.75,-59,9.75,39,1
PAIR,run02,indoor_static,495,100,922.000,7,125,4/5,14,298126,298419,-63,9.25,-59,9.5,39,1
PAIR,run02,indoor_static,496,100,922.000,7,125,4/5,14,298678,298970,-65,9.75,-59,9.5,39,1
PAIR,run02,indoor_static,497,100,922.000,7,125,4/5,14,299229,299522,-64,9.0,-60,9.75,39,1
PAIR,run02,indoor_static,498,100,922.000,7,125,4/5,14,299780,300073,-64,8.75,-59,9.5,39,1
PAIR,run02,indoor_static,499,100,922.000,7,125,4/5,14,300331,300624,-64,9.0,-59,9.5,39,1
PAIR,run02,indoor_static,500,100,922.000,7,125,4/5,14,300882,301176,-64,9.0,-59,9.5,39,1
PAIR,run02,indoor_static,501,100,922.000,7,125,4/5,14,301434,301727,-64,9.25,-60,9.25,39,1
PAIR,run02,indoor_static,502,100,922.000,7,125,4/5,14,301985,302279,-63,9.75,-59,9.0,39,1
PAIR,run02,indoor_static,503,100,922.000,7,125,4/5,14,302537,302830,-64,9.25,-58,9.75,39,1
PAIR,run02,indoor_static,504,100,922.000,7,125,4/5,14,303089,303381,-63,9.5,-58,9.5,39,1
PAIR,run02,indoor_static,505,100,922.000,7,125,4/5,14,303640,303933,-63,9.75,-58,9.75,39,1
PAIR,run02,indoor_static,506,100,922.000,7,125,4/5,14,304191,304484,-62,9.5,-58,9.5,39,1
PAIR,run02,indoor_static,507,100,922.000,7,125,4/5,14,304743,305035,-62,9.75,-58,9.5,39,1
PAIR,run02,indoor_static,508,100,922.000,7,125,4/5,14,305294,305587,-61,9.25,-59,9.5,39,1
PAIR,run02,indoor_static,509,100,922.000,7,125,4/5,14,305846,306139,-61,10.0,-59,9.5,39,1
PAIR,run02,indoor_static,510,100,922.000,7,125,4/5,14,306397,306690,-61,9.5,-59,9.5,39,1
PAIR,run02,indoor_static,511,100,922.000,7,125,4/5,14,306949,307242,-62,9.5,-59,9.25,39,1
PAIR,run02,indoor_static,512,100,922.000,7,125,4/5,14,307500,307793,-61,9.75,-59,9.5,39,1
PAIR,run02,indoor_static,513,100,922.000,7,125,4/5,14,308052,308345,-61,9.5,-59,9.25,39,1
PAIR,run02,indoor_static,514,100,922.000,7,125,4/5,14,308603,308896,-61,9.5,-59,9.75,39,1
PAIR,run02,indoor_static,515,100,922.000,7,125,4/5,14,309154,309447,-61,10.0,-59,9.0,39,1
PAIR,run02,indoor_static,516,100,922.000,7,125,4/5,14,309706,310000,-62,9.75,-58,9.75,39,1
PAIR,run02,indoor_static,517,100,922.000,7,125,4/5,14,310258,310551,-61,9.75,-59,9.5,39,1
PAIR,run02,indoor_static,518,100,922.000,7,125,4/5,14,310810,311103,-61,9.5,-59,9.5,39,1
PAIR,run02,indoor_static,519,100,922.000,7,125,4/5,14,311361,311654,-62,9.25,-59,9.75,39,1
PAIR,run02,indoor_static,520,100,922.000,7,125,4/5,14,311913,312206,-61,9.75,-59,9.25,39,1
PAIR,run02,indoor_static,521,100,922.000,7,125,4/5,14,312464,312757,-62,9.5,-59,9.75,39,1
PAIR,run02,indoor_static,522,100,922.000,7,125,4/5,14,313016,313308,-61,9.75,-58,9.5,39,1
PAIR,run02,indoor_static,523,100,922.000,7,125,4/5,14,313567,313860,-62,9.25,-59,9.25,39,1
PAIR,run02,indoor_static,524,100,922.000,7,125,4/5,14,314118,314412,-61,9.75,-59,9.75,39,1
PAIR,run02,indoor_static,525,100,922.000,7,125,4/5,14,314671,314964,-62,9.75,-59,9.25,39,1
PAIR,run02,indoor_static,526,100,922.000,7,125,4/5,14,315222,315515,-62,9.5,-58,10.0,39,1
PAIR,run02,indoor_static,527,100,922.000,7,125,4/5,14,315774,316067,-62,9.75,-58,9.75,39,1
PAIR,run02,indoor_static,528,100,922.000,7,125,4/5,14,316325,316618,-62,9.5,-59,10.0,39,1
PAIR,run02,indoor_static,529,100,922.000,7,125,4/5,14,316876,317169,-62,9.5,-59,9.5,39,1
PAIR,run02,indoor_static,530,100,922.000,7,125,4/5,14,317428,317720,-61,9.75,-59,9.75,39,1
PAIR,run02,indoor_static,531,100,922.000,7,125,4/5,14,317979,318271,-62,9.75,-58,10.25,39,1
PAIR,run02,indoor_static,532,100,922.000,7,125,4/5,14,318530,318822,-61,9.25,-59,9.5,39,1
PAIR,run02,indoor_static,533,100,922.000,7,125,4/5,14,319081,319373,-62,9.25,-59,9.25,39,1
PAIR,run02,indoor_static,534,100,922.000,7,125,4/5,14,319632,319925,-61,9.5,-59,9.5,39,1
PAIR,run02,indoor_static,535,100,922.000,7,125,4/5,14,320183,320476,-61,9.5,-59,9.75,39,1
PAIR,run02,indoor_static,536,100,922.000,7,125,4/5,14,320735,321028,-62,9.5,-58,9.5,39,1
PAIR,run02,indoor_static,537,100,922.000,7,125,4/5,14,321286,321579,-61,9.5,-58,9.25,39,1
PAIR,run02,indoor_static,538,100,922.000,7,125,4/5,14,321838,322131,-61,10.0,-59,9.25,39,1
PAIR,run02,indoor_static,539,100,922.000,7,125,4/5,14,322389,322682,-61,9.5,-58,10.25,39,1
PAIR,run02,indoor_static,540,100,922.000,7,125,4/5,14,322940,323233,-61,9.25,-59,9.5,39,1
PAIR,run02,indoor_static,541,100,922.000,7,125,4/5,14,323491,323785,-61,9.75,-59,9.75,39,1
PAIR,run02,indoor_static,542,100,922.000,7,125,4/5,14,324044,324337,-61,9.5,-58,9.25,39,1
PAIR,run02,indoor_static,543,100,922.000,7,125,4/5,14,324595,324888,-61,9.75,-58,9.0,39,1
PAIR,run02,indoor_static,544,100,922.000,7,125,4/5,14,325146,325440,-61,9.5,-58,9.5,39,1
PAIR,run02,indoor_static,545,100,922.000,7,125,4/5,14,325698,325991,-62,9.25,-59,9.75,39,1
PAIR,run02,indoor_static,546,100,922.000,7,125,4/5,14,326249,326542,-62,9.5,-59,10.0,39,1
PAIR,run02,indoor_static,547,100,922.000,7,125,4/5,14,326801,327093,-62,9.25,-58,9.25,39,1
PAIR,run02,indoor_static,548,100,922.000,7,125,4/5,14,327352,327644,-62,9.5,-58,9.75,39,1
PAIR,run02,indoor_static,549,100,922.000,7,125,4/5,14,327902,328197,-62,9.75,-59,9.5,39,1
PAIR,run02,indoor_static,550,100,922.000,7,125,4/5,14,328455,328748,-61,9.5,-59,9.5,39,1
PAIR,run02,indoor_static,551,100,922.000,7,125,4/5,14,329007,329300,-61,9.5,-58,9.75,39,1
PAIR,run02,indoor_static,552,100,922.000,7,125,4/5,14,329558,329851,-61,9.5,-59,9.5,39,1
PAIR,run02,indoor_static,553,100,922.000,7,125,4/5,14,330110,330403,-61,9.5,-58,9.5,39,1
PAIR,run02,indoor_static,554,100,922.000,7,125,4/5,14,330661,330954,-61,9.75,-58,9.25,39,1
PAIR,run02,indoor_static,555,100,922.000,7,125,4/5,14,331213,331505,-62,9.5,-58,9.75,39,1
PAIR,run02,indoor_static,556,100,922.000,7,125,4/5,14,331764,332057,-62,9.25,-58,10.25,39,1
PAIR,run02,indoor_static,557,100,922.000,7,125,4/5,14,332315,332609,-62,9.75,-58,9.5,39,1
PAIR,run02,indoor_static,558,100,922.000,7,125,4/5,14,332868,333160,-61,10.0,-58,9.25,39,1
PAIR,run02,indoor_static,559,100,922.000,7,125,4/5,14,333419,333711,-62,9.75,-59,9.75,39,1
PAIR,run02,indoor_static,560,100,922.000,7,125,4/5,14,333970,334262,-61,9.5,-58,9.75,39,1
PAIR,run02,indoor_static,561,100,922.000,7,125,4/5,14,334521,334814,-62,9.5,-58,9.75,39,1
PAIR,run02,indoor_static,562,100,922.000,7,125,4/5,14,335072,335365,-62,9.25,-58,9.5,39,1
PAIR,run02,indoor_static,563,100,922.000,7,125,4/5,14,335624,335916,-61,9.5,-58,9.5,39,1
PAIR,run02,indoor_static,564,100,922.000,7,125,4/5,14,336175,336467,-61,9.5,-58,9.5,39,1
PAIR,run02,indoor_static,565,100,922.000,7,125,4/5,14,336726,337018,-62,9.25,-59,9.75,39,1
PAIR,run02,indoor_static,566,100,922.000,7,125,4/5,14,337277,337570,-62,9.25,-58,9.75,39,1
PAIR,run02,indoor_static,567,100,922.000,7,125,4/5,14,337829,338121,-61,9.5,-58,10.25,39,1
PAIR,run02,indoor_static,568,100,922.000,7,125,4/5,14,338379,338672,-61,9.5,-59,10.75,39,1
PAIR,run02,indoor_static,569,100,922.000,7,125,4/5,14,338930,339223,-62,9.5,-58,9.5,39,1
PAIR,run02,indoor_static,570,100,922.000,7,125,4/5,14,339482,339775,-61,9.25,-58,9.75,39,1
PAIR,run02,indoor_static,571,100,922.000,7,125,4/5,14,340034,340326,-61,9.75,-58,9.75,39,1
PAIR,run02,indoor_static,572,100,922.000,7,125,4/5,14,340585,340879,-61,9.75,-58,9.75,39,1
PAIR,run02,indoor_static,573,100,922.000,7,125,4/5,14,341137,341430,-61,9.25,-59,9.5,39,1
PAIR,run02,indoor_static,574,100,922.000,7,125,4/5,14,341689,341981,-62,9.5,-58,9.75,39,1
PAIR,run02,indoor_static,575,100,922.000,7,125,4/5,14,342240,342533,-61,10.0,-59,10.25,39,1
PAIR,run02,indoor_static,576,100,922.000,7,125,4/5,14,342791,343084,-61,9.25,-58,9.25,39,1
PAIR,run02,indoor_static,577,100,922.000,7,125,4/5,14,343342,343635,-62,9.5,-58,10.0,39,1
PAIR,run02,indoor_static,578,100,922.000,7,125,4/5,14,343894,344187,-61,9.25,-59,9.5,39,1
PAIR,run02,indoor_static,579,100,922.000,7,125,4/5,14,344445,344738,-61,9.5,-58,9.5,39,1
PAIR,run02,indoor_static,580,100,922.000,7,125,4/5,14,344996,345288,-61,9.75,-59,9.5,39,1
PAIR,run02,indoor_static,581,100,922.000,7,125,4/5,14,345547,345841,-62,9.5,-59,9.75,39,1
PAIR,run02,indoor_static,582,100,922.000,7,125,4/5,14,346100,346393,-61,9.75,-59,10.0,39,1
PAIR,run02,indoor_static,583,100,922.000,7,125,4/5,14,346652,346945,-61,9.5,-59,10.25,39,1
PAIR,run02,indoor_static,584,100,922.000,7,125,4/5,14,347203,347496,-62,9.5,-58,10.0,39,1
PAIR,run02,indoor_static,585,100,922.000,7,125,4/5,14,347755,348048,-61,9.75,-58,9.5,39,1
PAIR,run02,indoor_static,586,100,922.000,7,125,4/5,14,348306,348598,-62,9.25,-59,9.5,39,1
PAIR,run02,indoor_static,587,100,922.000,7,125,4/5,14,348857,349150,-61,9.75,-58,9.25,39,1
PAIR,run02,indoor_static,588,100,922.000,7,125,4/5,14,349409,349701,-61,9.75,-58,9.5,39,1
PAIR,run02,indoor_static,589,100,922.000,7,125,4/5,14,349960,350252,-62,12.5,-58,9.75,39,1
PAIR,run02,indoor_static,590,100,922.000,7,125,4/5,14,350511,350806,-61,9.5,-58,10.25,39,1
PAIR,run02,indoor_static,591,100,922.000,7,125,4/5,14,351065,351358,-61,9.75,-58,10.0,39,1
PAIR,run02,indoor_static,592,100,922.000,7,125,4/5,14,351616,351909,-61,9.75,-58,9.25,39,1
PAIR,run02,indoor_static,593,100,922.000,7,125,4/5,14,352167,352460,-62,9.25,-58,9.75,39,1
PAIR,run02,indoor_static,594,100,922.000,7,125,4/5,14,352719,353012,-61,9.75,-58,10.0,39,1
PAIR,run02,indoor_static,595,100,922.000,7,125,4/5,14,353270,353563,-61,10.0,-58,9.75,39,1
PAIR,run02,indoor_static,596,100,922.000,7,125,4/5,14,353821,354114,-62,9.5,-58,9.75,39,1
PAIR,run02,indoor_static,597,100,922.000,7,125,4/5,14,354372,354665,-62,9.25,-59,9.5,39,1
PAIR,run02,indoor_static,598,100,922.000,7,125,4/5,14,354923,355217,-61,9.5,-58,9.75,39,1
PAIR,run02,indoor_static,599,100,922.000,7,125,4/5,14,355475,355770,-61,9.5,-58,9.75,39,1
PAIR,run02,indoor_static,600,100,922.000,7,125,4/5,14,356028,356321,-61,10.0,-59,9.75,39,1
PAIR,run02,indoor_static,601,100,922.000,7,125,4/5,14,356580,356873,-61,9.75,-59,10.0,39,1
PAIR,run02,indoor_static,602,100,922.000,7,125,4/5,14,357131,357424,-62,9.75,-58,9.5,39,1
PAIR,run02,indoor_static,603,100,922.000,7,125,4/5,14,357683,357975,-61,10.0,-58,10.25,39,1
PAIR,run02,indoor_static,604,100,922.000,7,125,4/5,14,358234,358526,-61,9.25,-59,9.5,39,1
PAIR,run02,indoor_static,605,100,922.000,7,125,4/5,14,358785,359077,-61,9.5,-57,10.5,39,1
PAIR,run02,indoor_static,606,100,922.000,7,125,4/5,14,359336,359628,-62,9.5,-58,9.5,39,1
PAIR,run02,indoor_static,607,100,922.000,7,125,4/5,14,359887,360180,-62,9.5,-58,10.0,39,1
PAIR,run02,indoor_static,608,100,922.000,7,125,4/5,14,360438,360733,-61,9.75,-58,9.75,39,1
PAIR,run02,indoor_static,609,100,922.000,7,125,4/5,14,360991,361284,-61,9.75,-58,10.25,39,1
PAIR,run02,indoor_static,610,100,922.000,7,125,4/5,14,361543,361836,-62,9.25,-58,10.0,39,1
PAIR,run02,indoor_static,611,100,922.000,7,125,4/5,14,362094,362387,-61,9.75,-58,9.25,39,1
PAIR,run02,indoor_static,612,100,922.000,7,125,4/5,14,362646,362938,-61,9.75,-58,9.5,39,1
PAIR,run02,indoor_static,613,100,922.000,7,125,4/5,14,363196,363488,-61,9.25,-57,10.0,39,1
PAIR,run02,indoor_static,614,100,922.000,7,125,4/5,14,363747,364039,-62,9.25,-58,9.75,39,1
PAIR,run02,indoor_static,615,100,922.000,7,125,4/5,14,364298,364592,-62,9.5,-58,10.0,39,1
PAIR,run02,indoor_static,616,100,922.000,7,125,4/5,14,364851,365144,-62,10.25,-58,9.75,39,1
PAIR,run02,indoor_static,617,100,922.000,7,125,4/5,14,365402,365696,-61,9.5,-58,10.0,39,1
PAIR,run02,indoor_static,618,100,922.000,7,125,4/5,14,365954,366247,-61,9.25,-58,9.75,39,1
PAIR,run02,indoor_static,619,100,922.000,7,125,4/5,14,366505,366798,-61,9.25,-58,10.0,39,1
PAIR,run02,indoor_static,620,100,922.000,7,125,4/5,14,367057,367350,-61,9.0,-58,10.0,39,1
PAIR,run02,indoor_static,621,100,922.000,7,125,4/5,14,367609,367901,-62,9.5,-58,10.25,39,1
PAIR,run02,indoor_static,622,100,922.000,7,125,4/5,14,368159,368452,-61,9.5,-58,10.0,39,1
PAIR,run02,indoor_static,623,100,922.000,7,125,4/5,14,368710,369005,-61,9.75,-58,9.25,39,1
PAIR,run02,indoor_static,624,100,922.000,7,125,4/5,14,369263,369556,-61,9.25,-58,9.5,39,1
PAIR,run02,indoor_static,625,100,922.000,7,125,4/5,14,369815,370107,-61,10.0,-57,9.75,39,1
PAIR,run02,indoor_static,626,100,922.000,7,125,4/5,14,370366,370659,-61,9.0,-57,10.25,39,1
PAIR,run02,indoor_static,627,100,922.000,7,125,4/5,14,370917,371211,-62,10.0,-58,9.75,39,1
PAIR,run02,indoor_static,628,100,922.000,7,125,4/5,14,371469,371762,-61,9.5,-58,9.75,39,1
PAIR,run02,indoor_static,629,100,922.000,7,125,4/5,14,372020,372313,-61,9.5,-57,10.0,39,1
PAIR,run02,indoor_static,630,100,922.000,7,125,4/5,14,372572,372864,-61,9.5,-58,9.5,39,1
PAIR,run02,indoor_static,631,100,922.000,7,125,4/5,14,373123,373416,-62,9.75,-58,9.5,39,1
PAIR,run02,indoor_static,632,100,922.000,7,125,4/5,14,373675,373967,-61,9.5,-58,9.5,39,1
PAIR,run02,indoor_static,633,100,922.000,7,125,4/5,14,374226,374519,-62,9.5,-58,10.25,39,1
PAIR,run02,indoor_static,634,100,922.000,7,125,4/5,14,374777,375070,-61,9.5,-58,10.0,39,1
PAIR,run02,indoor_static,635,100,922.000,7,125,4/5,14,375328,375622,-61,9.75,-58,9.5,39,1
PAIR,run02,indoor_static,636,100,922.000,7,125,4/5,14,375880,376173,-62,9.5,-58,10.5,39,1
PAIR,run02,indoor_static,637,100,922.000,7,125,4/5,14,376432,376725,-61,9.5,-58,9.75,39,1
PAIR,run02,indoor_static,638,100,922.000,7,125,4/5,14,376983,377276,-61,9.25,-58,9.25,39,1
PAIR,run02,indoor_static,639,100,922.000,7,125,4/5,14,377535,377827,-61,9.5,-58,9.75,39,1
PAIR,run02,indoor_static,640,100,922.000,7,125,4/5,14,378086,378379,-61,9.25,-58,9.75,39,1
PAIR,run02,indoor_static,641,100,922.000,7,125,4/5,14,378637,378930,-61,9.25,-58,9.75,39,1
PAIR,run02,indoor_static,642,100,922.000,7,125,4/5,14,379189,379482,-61,9.5,-57,10.0,39,1
PAIR,run02,indoor_static,643,100,922.000,7,125,4/5,14,379740,380033,-61,9.75,-58,9.75,39,1
PAIR,run02,indoor_static,644,100,922.000,7,125,4/5,14,380292,380585,-61,9.25,-58,9.5,39,1
PAIR,run02,indoor_static,645,100,922.000,7,125,4/5,14,380843,381136,-61,10.0,-58,9.75,39,1
PAIR,run02,indoor_static,646,100,922.000,7,125,4/5,14,381394,381687,-61,10.0,-58,9.25,39,1
PAIR,run02,indoor_static,647,100,922.000,7,125,4/5,14,381946,382239,-61,9.5,-58,10.0,39,1
PAIR,run02,indoor_static,648,100,922.000,7,125,4/5,14,382497,382791,-61,9.5,-58,9.75,39,1
PAIR,run02,indoor_static,649,100,922.000,7,125,4/5,14,383050,383343,-61,9.75,-57,9.5,39,1
PAIR,run02,indoor_static,650,100,922.000,7,125,4/5,14,383601,383894,-61,9.5,-58,9.5,39,1
PAIR,run02,indoor_static,651,100,922.000,7,125,4/5,14,384153,384446,-61,9.5,-58,9.75,39,1
PAIR,run02,indoor_static,652,100,922.000,7,125,4/5,14,384704,384997,-62,9.75,-57,10.25,39,1
PAIR,run02,indoor_static,653,100,922.000,7,125,4/5,14,385255,385548,-61,9.25,-58,10.0,39,1
PAIR,run02,indoor_static,654,100,922.000,7,125,4/5,14,385807,386099,-61,9.5,-58,9.5,39,1
PAIR,run02,indoor_static,655,100,922.000,7,125,4/5,14,386358,386650,-62,9.75,-58,9.25,39,1
PAIR,run02,indoor_static,656,100,922.000,7,125,4/5,14,386909,387203,-62,9.75,-58,11.25,39,1
PAIR,run02,indoor_static,657,100,922.000,7,125,4/5,14,387461,387754,-61,9.75,-58,9.75,39,1
PAIR,run02,indoor_static,658,100,922.000,7,125,4/5,14,388012,388305,-62,9.25,-58,9.5,39,1
PAIR,run02,indoor_static,659,100,922.000,7,125,4/5,14,388564,388857,-62,9.5,-58,9.75,39,1
PAIR,run02,indoor_static,660,100,922.000,7,125,4/5,14,389115,389408,-61,9.0,-58,10.0,39,1
PAIR,run02,indoor_static,661,100,922.000,7,125,4/5,14,389667,389959,-61,9.5,-58,9.75,39,1
PAIR,run02,indoor_static,662,100,922.000,7,125,4/5,14,390218,390511,-61,9.5,-58,9.5,39,1
PAIR,run02,indoor_static,663,100,922.000,7,125,4/5,14,390769,391061,-61,9.5,-58,10.25,39,1
PAIR,run02,indoor_static,664,100,922.000,7,125,4/5,14,391320,391613,-62,9.25,-58,10.0,39,1
PAIR,run02,indoor_static,665,100,922.000,7,125,4/5,14,391872,392165,-61,9.75,-57,9.75,39,1
PAIR,run02,indoor_static,666,100,922.000,7,125,4/5,14,392424,392717,-61,9.5,-58,10.0,39,1
PAIR,run02,indoor_static,667,100,922.000,7,125,4/5,14,392975,393268,-61,9.75,-58,9.25,39,1
PAIR,run02,indoor_static,668,100,922.000,7,125,4/5,14,393526,393819,-62,9.5,-58,9.5,39,1
PAIR,run02,indoor_static,669,100,922.000,7,125,4/5,14,394078,394371,-61,9.75,-58,9.25,39,1
PAIR,run02,indoor_static,670,100,922.000,7,125,4/5,14,394629,394922,-62,9.5,-58,10.0,39,1
PAIR,run02,indoor_static,671,100,922.000,7,125,4/5,14,395181,395473,-61,9.5,-57,9.5,39,1
PAIR,run02,indoor_static,672,100,922.000,7,125,4/5,14,395732,396025,-61,9.5,-57,9.75,39,1
PAIR,run02,indoor_static,673,100,922.000,7,125,4/5,14,396283,396576,-61,9.5,-58,9.5,39,1
PAIR,run02,indoor_static,674,100,922.000,7,125,4/5,14,396835,397128,-61,9.75,-58,10.0,39,1
PAIR,run02,indoor_static,675,100,922.000,7,125,4/5,14,397386,397679,-61,9.5,-58,10.0,39,1
PAIR,run02,indoor_static,676,100,922.000,7,125,4/5,14,397938,398230,-62,9.5,-58,9.75,39,1
PAIR,run02,indoor_static,677,100,922.000,7,125,4/5,14,398489,398782,-61,9.5,-58,9.75,39,1
PAIR,run02,indoor_static,678,100,922.000,7,125,4/5,14,399040,399332,-61,9.5,-58,9.75,39,1
PAIR,run02,indoor_static,679,100,922.000,7,125,4/5,14,399591,399884,-61,9.75,-58,10.0,39,1
PAIR,run02,indoor_static,680,100,922.000,7,125,4/5,14,400142,400437,-61,9.75,-57,10.25,39,1
PAIR,run02,indoor_static,681,100,922.000,7,125,4/5,14,400695,400989,-61,9.5,-58,9.75,39,1
PAIR,run02,indoor_static,682,100,922.000,7,125,4/5,14,401248,401541,-61,10.0,-58,10.0,39,1
PAIR,run02,indoor_static,683,100,922.000,7,125,4/5,14,401799,402092,-61,9.75,-58,9.25,39,1
PAIR,run02,indoor_static,684,100,922.000,7,125,4/5,14,402350,402644,-61,9.75,-57,9.75,39,1
PAIR,run02,indoor_static,685,100,922.000,7,125,4/5,14,402902,403195,-62,9.75,-58,10.0,39,1
PAIR,run02,indoor_static,686,100,922.000,7,125,4/5,14,403453,403746,-61,9.75,-58,10.0,39,1
PAIR,run02,indoor_static,687,100,922.000,7,125,4/5,14,404005,404298,-61,9.75,-58,10.5,39,1
PAIR,run02,indoor_static,688,100,922.000,7,125,4/5,14,404556,404849,-61,9.75,-58,10.5,39,1
PAIR,run02,indoor_static,689,100,922.000,7,125,4/5,14,405108,405402,-61,9.5,-58,9.5,39,1
PAIR,run02,indoor_static,690,100,922.000,7,125,4/5,14,405660,405952,-61,9.5,-58,9.75,39,1
PAIR,run02,indoor_static,691,100,922.000,7,125,4/5,14,406211,406504,-61,9.5,-58,9.75,39,1
PAIR,run02,indoor_static,692,100,922.000,7,125,4/5,14,406762,407055,-61,9.75,-57,9.75,39,1
PAIR,run02,indoor_static,693,100,922.000,7,125,4/5,14,407314,407607,-62,9.75,-58,9.75,39,1
PAIR,run02,indoor_static,694,100,922.000,7,125,4/5,14,407865,408158,-62,9.75,-58,10.0,39,1
PAIR,run02,indoor_static,695,100,922.000,7,125,4/5,14,408417,408709,-61,9.5,-58,9.5,39,1
PAIR,run02,indoor_static,696,100,922.000,7,125,4/5,14,408968,409261,-61,9.75,-58,9.75,39,1
PAIR,run02,indoor_static,697,100,922.000,7,125,4/5,14,409519,409813,-61,9.0,-58,9.75,39,1
PAIR,run02,indoor_static,698,100,922.000,7,125,4/5,14,410072,410364,-62,9.25,-58,9.25,39,1
PAIR,run02,indoor_static,699,100,922.000,7,125,4/5,14,410623,410916,-62,9.25,-58,9.75,39,1
PAIR,run02,indoor_static,700,100,922.000,7,125,4/5,14,411174,411467,-61,9.75,-58,10.25,39,1
PAIR,run02,indoor_static,701,100,922.000,7,125,4/5,14,411726,412019,-61,10.0,-57,9.5,39,1
PAIR,run02,indoor_static,702,100,922.000,7,125,4/5,14,412277,412570,-61,9.5,-58,9.75,39,1
PAIR,run02,indoor_static,703,100,922.000,7,125,4/5,14,412828,413121,-61,9.75,-58,9.5,39,1
PAIR,run02,indoor_static,704,100,922.000,7,125,4/5,14,413380,413673,-61,9.5,-58,9.75,39,1
PAIR,run02,indoor_static,705,100,922.000,7,125,4/5,14,413931,414224,-61,9.5,-57,10.25,39,1
PAIR,run02,indoor_static,706,100,922.000,7,125,4/5,14,414482,414775,-62,9.5,-58,9.75,39,1
PAIR,run02,indoor_static,707,100,922.000,7,125,4/5,14,415034,415327,-61,9.5,-58,10.25,39,1
PAIR,run02,indoor_static,708,100,922.000,7,125,4/5,14,415585,415878,-62,9.75,-58,9.5,39,1
PAIR,run02,indoor_static,709,100,922.000,7,125,4/5,14,416137,416430,-61,9.5,-58,10.25,39,1
PAIR,run02,indoor_static,710,100,922.000,7,125,4/5,14,416688,416981,-61,9.75,-58,9.5,39,1
PAIR,run02,indoor_static,711,100,922.000,7,125,4/5,14,417239,417532,-62,9.5,-58,10.25,39,1
PAIR,run02,indoor_static,712,100,922.000,7,125,4/5,14,417791,418084,-61,9.5,-58,9.75,39,1
PAIR,run02,indoor_static,713,100,922.000,7,125,4/5,14,418342,418635,-61,9.5,-58,10.0,39,1
PAIR,run02,indoor_static,714,100,922.000,7,125,4/5,14,418893,419186,-62,9.5,-58,9.75,39,1
PAIR,run02,indoor_static,715,100,922.000,7,125,4/5,14,419445,419738,-61,9.75,-57,10.25,39,1
PAIR,run02,indoor_static,716,100,922.000,7,125,4/5,14,419996,420289,-61,9.75,-57,9.75,39,1
PAIR,run02,indoor_static,717,100,922.000,7,125,4/5,14,420548,420841,-62,9.5,-58,10.25,39,1
PAIR,run02,indoor_static,718,100,922.000,7,125,4/5,14,421099,421392,-62,9.5,-58,10.0,39,1
PAIR,run02,indoor_static,719,100,922.000,7,125,4/5,14,421651,421943,-61,9.75,-58,10.25,39,1
PAIR,run02,indoor_static,720,100,922.000,7,125,4/5,14,422202,422495,-62,9.5,-58,10.0,39,1
PAIR,run02,indoor_static,721,100,922.000,7,125,4/5,14,422753,423046,-62,9.5,-58,10.0,39,1
PAIR,run02,indoor_static,722,100,922.000,7,125,4/5,14,423305,423599,-61,10.0,-58,10.0,39,1
PAIR,run02,indoor_static,723,100,922.000,7,125,4/5,14,423857,424150,-62,10.0,-58,9.5,39,1
PAIR,run02,indoor_static,724,100,922.000,7,125,4/5,14,424409,424702,-62,9.75,-58,9.75,39,1
PAIR,run02,indoor_static,725,100,922.000,7,125,4/5,14,424960,425253,-61,9.75,-59,9.5,39,1
PAIR,run02,indoor_static,726,100,922.000,7,125,4/5,14,425511,425805,-61,9.75,-58,9.75,39,1
PAIR,run02,indoor_static,727,100,922.000,7,125,4/5,14,426063,426356,-62,9.25,-58,9.0,39,1
PAIR,run02,indoor_static,728,100,922.000,7,125,4/5,14,426614,426907,-61,9.5,-58,9.75,39,1
PAIR,run02,indoor_static,729,100,922.000,7,125,4/5,14,427166,427458,-61,9.75,-58,9.75,39,1
PAIR,run02,indoor_static,730,100,922.000,7,125,4/5,14,427717,428011,-61,9.75,-59,9.5,39,1
PAIR,run02,indoor_static,731,100,922.000,7,125,4/5,14,428269,428562,-61,12.0,-58,10.0,39,1
PAIR,run02,indoor_static,732,100,922.000,7,125,4/5,14,428821,429113,-62,9.5,-58,9.75,39,1
PAIR,run02,indoor_static,733,100,922.000,7,125,4/5,14,429372,429665,-62,9.5,-59,9.75,39,1
PAIR,run02,indoor_static,734,100,922.000,7,125,4/5,14,429923,430216,-62,9.5,-58,9.5,39,1
PAIR,run02,indoor_static,735,100,922.000,7,125,4/5,14,430475,430768,-62,9.5,-59,9.75,39,1
PAIR,run02,indoor_static,736,100,922.000,7,125,4/5,14,431026,431319,-61,10.0,-58,9.75,39,1
PAIR,run02,indoor_static,737,100,922.000,7,125,4/5,14,431578,431870,-61,10.0,-59,9.5,39,1
PAIR,run02,indoor_static,738,100,922.000,7,125,4/5,14,432129,432422,-61,9.75,-58,10.25,39,1
PAIR,run02,indoor_static,739,100,922.000,7,125,4/5,14,432680,432973,-61,10.0,-58,9.75,39,1
PAIR,run02,indoor_static,740,100,922.000,7,125,4/5,14,433232,433525,-61,9.75,-58,10.25,39,1
PAIR,run02,indoor_static,741,100,922.000,7,125,4/5,14,433783,434076,-62,10.0,-58,9.5,39,1
PAIR,run02,indoor_static,742,100,922.000,7,125,4/5,14,434335,434627,-62,9.75,-59,9.25,39,1
PAIR,run02,indoor_static,743,100,922.000,7,125,4/5,14,434886,435179,-61,9.75,-58,9.25,39,1
PAIR,run02,indoor_static,744,100,922.000,7,125,4/5,14,435437,435730,-61,10.0,-58,9.5,39,1
PAIR,run02,indoor_static,745,100,922.000,7,125,4/5,14,435989,436281,-61,10.0,-58,10.0,39,1
PAIR,run02,indoor_static,746,100,922.000,7,125,4/5,14,436540,436833,-61,9.5,-57,10.0,39,1
PAIR,run02,indoor_static,747,100,922.000,7,125,4/5,14,437091,437384,-71,9.5,-58,9.5,39,1
PAIR,run02,indoor_static,748,100,922.000,7,125,4/5,14,437643,437936,-66,9.25,-59,9.75,39,1
PAIR,run02,indoor_static,749,100,922.000,7,125,4/5,14,438194,438487,-74,9.0,-60,10.0,39,1
PAIR,run02,indoor_static,750,100,922.000,7,125,4/5,14,438746,439038,-85,5.75,-60,9.75,39,1
PAIR,run02,indoor_static,751,100,922.000,7,125,4/5,14,439297,439590,-80,8.5,-60,9.75,39,1
PAIR,run02,indoor_static,752,100,922.000,7,125,4/5,14,439848,440141,-81,9.0,-60,9.75,39,1
PAIR,run02,indoor_static,753,100,922.000,7,125,4/5,14,440400,440693,-77,9.25,-61,9.75,39,1
PAIR,run02,indoor_static,754,100,922.000,7,125,4/5,14,440951,441244,-77,9.25,-60,9.25,39,1
PAIR,run02,indoor_static,755,100,922.000,7,125,4/5,14,441502,441797,-78,9.0,-61,9.5,39,1
PAIR,run02,indoor_static,756,100,922.000,7,125,4/5,14,442055,442348,-78,9.25,-61,9.5,39,1
PAIR,run02,indoor_static,757,100,922.000,7,125,4/5,14,442606,442899,-77,9.0,-59,9.5,39,1
PAIR,run02,indoor_static,758,100,922.000,7,125,4/5,14,443158,443450,-63,9.75,-56,9.25,39,1
PAIR,run02,indoor_static,759,100,922.000,7,125,4/5,14,443709,444002,-60,9.5,-55,10.5,39,1
PAIR,run02,indoor_static,760,100,922.000,7,125,4/5,14,444260,444553,-60,9.5,-55,10.0,39,1
PAIR,run02,indoor_static,761,100,922.000,7,125,4/5,14,444812,445104,-63,9.5,-57,9.5,39,1
PAIR,run02,indoor_static,762,100,922.000,7,125,4/5,14,445363,445655,-64,9.25,-58,10.0,39,1
PAIR,run02,indoor_static,763,100,922.000,7,125,4/5,14,445914,446208,-64,9.25,-57,10.0,39,1
PAIR,run02,indoor_static,764,100,922.000,7,125,4/5,14,446467,446759,-63,9.5,-56,9.75,39,1
PAIR,run02,indoor_static,765,100,922.000,7,125,4/5,14,447018,447311,-61,9.75,-55,9.75,39,1
PAIR,run02,indoor_static,766,100,922.000,7,125,4/5,14,447569,447862,-60,9.5,-55,9.75,39,1
PAIR,run02,indoor_static,767,100,922.000,7,125,4/5,14,448121,448414,-60,9.25,-55,9.75,39,1
PAIR,run02,indoor_static,768,100,922.000,7,125,4/5,14,448672,448965,-60,10.0,-55,9.25,39,1
PAIR,run02,indoor_static,769,100,922.000,7,125,4/5,14,449224,449516,-61,9.25,-56,9.75,39,1
PAIR,run02,indoor_static,770,100,922.000,7,125,4/5,14,449775,450068,-61,9.5,-55,9.75,39,1
PAIR,run02,indoor_static,771,100,922.000,7,125,4/5,14,450326,450620,-61,9.75,-55,10.0,39,1
PAIR,run02,indoor_static,772,100,922.000,7,125,4/5,14,450878,451171,-60,9.75,-55,10.0,39,1
PAIR,run02,indoor_static,773,100,922.000,7,125,4/5,14,451430,451723,-60,9.75,-56,9.75,39,1
PAIR,run02,indoor_static,774,100,922.000,7,125,4/5,14,451981,452274,-60,10.0,-55,10.0,39,1
PAIR,run02,indoor_static,775,100,922.000,7,125,4/5,14,452532,452825,-60,9.75,-56,9.25,39,1
PAIR,run02,indoor_static,776,100,922.000,7,125,4/5,14,453084,453376,-61,9.0,-56,9.5,39,1
PAIR,run02,indoor_static,777,100,922.000,7,125,4/5,14,453635,453928,-60,9.5,-56,9.75,39,1
PAIR,run02,indoor_static,778,100,922.000,7,125,4/5,14,454186,454479,-60,10.0,-55,9.25,39,1
PAIR,run02,indoor_static,779,100,922.000,7,125,4/5,14,454737,455030,-60,9.25,-55,9.5,39,1
PAIR,run02,indoor_static,780,100,922.000,7,125,4/5,14,455288,455581,-60,9.75,-55,10.0,39,1
PAIR,run02,indoor_static,781,100,922.000,7,125,4/5,14,455839,456132,-61,9.75,-56,9.0,39,1
PAIR,run02,indoor_static,782,100,922.000,7,125,4/5,14,456391,456684,-60,9.5,-56,9.75,39,1
PAIR,run02,indoor_static,783,100,922.000,7,125,4/5,14,456942,457235,-61,9.75,-56,9.5,39,1
PAIR,run02,indoor_static,784,100,922.000,7,125,4/5,14,457494,457787,-60,9.5,-56,9.5,39,1
PAIR,run02,indoor_static,785,100,922.000,7,125,4/5,14,458045,458338,-60,9.5,-55,10.0,39,1
PAIR,run02,indoor_static,786,100,922.000,7,125,4/5,14,458596,458889,-60,9.25,-56,9.5,39,1
PAIR,run02,indoor_static,787,100,922.000,7,125,4/5,14,459148,459441,-60,9.25,-55,12.5,39,1
PAIR,run02,indoor_static,788,100,922.000,7,125,4/5,14,459699,459993,-60,11.75,-56,9.75,39,1
PAIR,run02,indoor_static,789,100,922.000,7,125,4/5,14,460252,460545,-61,9.5,-56,9.5,39,1
PAIR,run02,indoor_static,790,100,922.000,7,125,4/5,14,460803,461096,-60,9.75,-55,9.75,39,1
PAIR,run02,indoor_static,791,100,922.000,7,125,4/5,14,461355,461648,-60,10.25,-56,9.5,39,1
PAIR,run02,indoor_static,792,100,922.000,7,125,4/5,14,461906,462199,-60,12.25,-56,9.5,39,1
PAIR,run02,indoor_static,793,100,922.000,7,125,4/5,14,462458,462750,-61,9.5,-56,9.75,39,1
PAIR,run02,indoor_static,794,100,922.000,7,125,4/5,14,463009,463301,-61,9.25,-55,10.0,39,1
PAIR,run02,indoor_static,795,100,922.000,7,125,4/5,14,463560,463852,-61,12.25,-56,9.25,39,1
PAIR,run02,indoor_static,796,100,922.000,7,125,4/5,14,464111,464405,-60,10.0,-56,9.25,39,1
PAIR,run02,indoor_static,797,100,922.000,7,125,4/5,14,464664,464957,-61,9.75,-56,9.25,39,1
PAIR,run02,indoor_static,798,100,922.000,7,125,4/5,14,465215,465508,-60,9.25,-55,10.0,39,1
PAIR,run02,indoor_static,799,100,922.000,7,125,4/5,14,465766,466060,-60,10.0,-55,9.5,39,1
PAIR,run02,indoor_static,800,100,922.000,7,125,4/5,14,466318,466611,-60,9.5,-56,10.0,39,1
PAIR,run02,indoor_static,801,100,922.000,7,125,4/5,14,466869,467162,-61,10.25,-56,9.25,39,1
PAIR,run02,indoor_static,802,100,922.000,7,125,4/5,14,467421,467714,-60,9.25,-56,9.5,39,1
PAIR,run02,indoor_static,803,100,922.000,7,125,4/5,14,467972,468265,-61,9.25,-56,9.5,39,1
PAIR,run02,indoor_static,804,100,922.000,7,125,4/5,14,468523,468817,-61,9.5,-55,9.5,39,1
PAIR,run02,indoor_static,805,100,922.000,7,125,4/5,14,469076,469369,-60,9.25,-56,9.75,39,1
PAIR,run02,indoor_static,806,100,922.000,7,125,4/5,14,469627,469920,-61,9.75,-56,10.0,39,1
PAIR,run02,indoor_static,807,100,922.000,7,125,4/5,14,470179,470472,-60,9.75,-55,9.75,39,1
PAIR,run02,indoor_static,808,100,922.000,7,125,4/5,14,470730,471023,-60,9.5,-56,10.0,39,1
PAIR,run02,indoor_static,809,100,922.000,7,125,4/5,14,471281,471575,-60,9.5,-56,10.0,39,1
PAIR,run02,indoor_static,810,100,922.000,7,125,4/5,14,471833,472126,-60,9.5,-56,10.25,39,1
PAIR,run02,indoor_static,811,100,922.000,7,125,4/5,14,472384,472677,-61,9.5,-56,10.0,39,1
PAIR,run02,indoor_static,812,100,922.000,7,125,4/5,14,472935,473228,-60,10.0,-56,9.25,39,1
PAIR,run02,indoor_static,813,100,922.000,7,125,4/5,14,473487,473779,-60,10.0,-56,9.5,39,1
PAIR,run02,indoor_static,814,100,922.000,7,125,4/5,14,474038,474331,-61,9.25,-55,9.75,39,1
PAIR,run02,indoor_static,815,100,922.000,7,125,4/5,14,474589,474882,-60,9.5,-55,10.0,39,1
PAIR,run02,indoor_static,816,100,922.000,7,125,4/5,14,475141,475434,-61,9.25,-55,9.5,39,1
PAIR,run02,indoor_static,817,100,922.000,7,125,4/5,14,475692,475985,-60,9.25,-56,9.5,39,1
PAIR,run02,indoor_static,818,100,922.000,7,125,4/5,14,476244,476536,-63,9.5,-59,10.25,39,1
PAIR,run02,indoor_static,819,100,922.000,7,125,4/5,14,476795,477087,-67,9.25,-60,9.75,39,1
PAIR,run02,indoor_static,820,100,922.000,7,125,4/5,14,477345,477638,-73,9.5,-60,10.0,39,1
PAIR,run02,indoor_static,821,100,922.000,7,125,4/5,14,477896,478189,-78,9.0,-61,9.75,39,1
PAIR,run02,indoor_static,822,100,922.000,7,125,4/5,14,478448,478740,-70,9.25,-60,9.75,39,1
PAIR,run02,indoor_static,823,100,922.000,7,125,4/5,14,478999,479292,-70,9.5,-60,9.5,39,1
PAIR,run02,indoor_static,824,100,922.000,7,125,4/5,14,479550,479843,-69,9.5,-60,10.25,39,1
PAIR,run02,indoor_static,825,100,922.000,7,125,4/5,14,480102,480394,-69,8.75,-61,9.75,39,1
PAIR,run02,indoor_static,826,100,922.000,7,125,4/5,14,480653,480945,-69,9.5,-61,9.75,39,1
PAIR,run02,indoor_static,827,100,922.000,7,125,4/5,14,481204,481497,-69,9.75,-62,9.5,39,1
PAIR,run02,indoor_static,828,100,922.000,7,125,4/5,14,481755,482048,-69,9.5,-60,9.75,39,1
PAIR,run02,indoor_static,829,100,922.000,7,125,4/5,14,482307,482601,-69,9.25,-60,10.0,39,1
PAIR,run02,indoor_static,830,100,922.000,7,125,4/5,14,482859,483152,-69,9.5,-60,10.0,39,1
PAIR,run02,indoor_static,831,100,922.000,7,125,4/5,14,483411,483704,-69,9.5,-60,9.5,39,1
PAIR,run02,indoor_static,832,100,922.000,7,125,4/5,14,483962,484255,-70,9.5,-60,9.75,39,1
PAIR,run02,indoor_static,833,100,922.000,7,125,4/5,14,484514,484807,-70,9.5,-60,9.5,39,1
PAIR,run02,indoor_static,834,100,922.000,7,125,4/5,14,485065,485358,-70,9.5,-60,9.75,39,1
PAIR,run02,indoor_static,835,100,922.000,7,125,4/5,14,485616,485909,-70,9.25,-60,10.0,39,1
PAIR,run02,indoor_static,836,100,922.000,7,125,4/5,14,486167,486460,-70,9.0,-60,10.0,39,1
PAIR,run02,indoor_static,837,100,922.000,7,125,4/5,14,486718,487013,-69,9.25,-61,9.5,39,1
PAIR,run02,indoor_static,838,100,922.000,7,125,4/5,14,487271,487564,-70,9.75,-62,9.0,39,1
PAIR,run02,indoor_static,839,100,922.000,7,125,4/5,14,487822,488115,-71,9.5,-61,10.0,39,1
PAIR,run02,indoor_static,840,100,922.000,7,125,4/5,14,488374,488666,-71,9.5,-60,9.75,39,1
PAIR,run02,indoor_static,841,100,922.000,7,125,4/5,14,488925,489218,-74,9.75,-60,9.75,39,1
PAIR,run02,indoor_static,842,100,922.000,7,125,4/5,14,489476,489769,-80,9.0,-64,9.5,39,1
PAIR,run02,indoor_static,843,100,922.000,7,125,4/5,14,490028,490321,-68,9.75,-63,10.25,39,1
PAIR,run02,indoor_static,844,100,922.000,7,125,4/5,14,490579,490872,-66,10.0,-59,9.5,39,1
PAIR,run02,indoor_static,845,100,922.000,7,125,4/5,14,491131,491424,-65,9.25,-59,9.75,39,1
PAIR,run02,indoor_static,846,100,922.000,7,125,4/5,14,491683,491976,-64,9.75,-58,9.25,39,1
PAIR,run02,indoor_static,847,100,922.000,7,125,4/5,14,492235,492527,-67,9.5,-60,9.5,39,1
PAIR,run02,indoor_static,848,100,922.000,7,125,4/5,14,492786,493079,-63,10.0,-59,9.25,39,1
PAIR,run02,indoor_static,849,100,922.000,7,125,4/5,14,493337,493630,-61,9.5,-60,9.5,39,1
PAIR,run02,indoor_static,850,100,922.000,7,125,4/5,14,493889,494182,-61,10.0,-59,10.0,39,1
PAIR,run02,indoor_static,851,100,922.000,7,125,4/5,14,494440,494733,-62,9.75,-61,9.0,39,1
PAIR,run02,indoor_static,852,100,922.000,7,125,4/5,14,494991,495283,-61,9.5,-58,9.75,39,1
PAIR,run02,indoor_static,853,100,922.000,7,125,4/5,14,495542,495835,-61,9.5,-60,9.5,39,1
PAIR,run02,indoor_static,854,100,922.000,7,125,4/5,14,496093,496386,-61,9.5,-60,9.75,39,1
PAIR,run02,indoor_static,855,100,922.000,7,125,4/5,14,496644,496937,-62,9.75,-60,9.25,39,1
PAIR,run02,indoor_static,856,100,922.000,7,125,4/5,14,497196,497489,-62,9.75,-60,10.0,39,1
PAIR,run02,indoor_static,857,100,922.000,7,125,4/5,14,497747,498040,-62,9.5,-60,9.75,39,1
PAIR,run02,indoor_static,858,100,922.000,7,125,4/5,14,498299,498591,-62,9.5,-60,10.0,39,1
PAIR,run02,indoor_static,859,100,922.000,7,125,4/5,14,498850,499143,-63,9.75,-60,9.75,39,1
PAIR,run02,indoor_static,860,100,922.000,7,125,4/5,14,499401,499694,-63,9.5,-60,9.5,39,1
PAIR,run02,indoor_static,861,100,922.000,7,125,4/5,14,499952,500245,-63,9.75,-59,10.0,39,1
PAIR,run02,indoor_static,862,100,922.000,7,125,4/5,14,500503,500798,-64,9.0,-60,9.75,39,1
PAIR,run02,indoor_static,863,100,922.000,7,125,4/5,14,501056,501349,-66,9.25,-58,10.0,39,1
PAIR,run02,indoor_static,864,100,922.000,7,125,4/5,14,501607,501900,-65,9.75,-60,9.25,39,1
PAIR,run02,indoor_static,865,100,922.000,7,125,4/5,14,502159,502452,-87,5.25,-61,9.75,39,1
PAIR,run02,indoor_static,866,100,922.000,7,125,4/5,14,502710,503003,-69,9.5,-62,9.75,39,1
PAIR,run02,indoor_static,867,100,922.000,7,125,4/5,14,503262,503555,-66,9.5,-62,9.75,39,1
PAIR,run02,indoor_static,868,100,922.000,7,125,4/5,14,503813,504106,-65,10.0,-61,9.75,39,1
PAIR,run02,indoor_static,869,100,922.000,7,125,4/5,14,504364,504657,-65,9.5,-61,9.25,39,1
PAIR,run02,indoor_static,870,100,922.000,7,125,4/5,14,504915,505209,-66,9.75,-61,9.5,39,1
PAIR,run02,indoor_static,871,100,922.000,7,125,4/5,14,505468,505761,-66,9.5,-61,9.25,39,1
PAIR,run02,indoor_static,872,100,922.000,7,125,4/5,14,506019,506312,-66,9.5,-61,10.25,39,1
PAIR,run02,indoor_static,873,100,922.000,7,125,4/5,14,506571,506863,-66,9.75,-62,9.5,39,1
PAIR,run02,indoor_static,874,100,922.000,7,125,4/5,14,507122,507414,-66,9.75,-61,9.5,39,1
PAIR,run02,indoor_static,875,100,922.000,7,125,4/5,14,507673,507966,-66,9.25,-61,10.0,39,1
PAIR,run02,indoor_static,876,100,922.000,7,125,4/5,14,508224,508516,-66,9.5,-61,9.5,39,1
PAIR,run02,indoor_static,877,100,922.000,7,125,4/5,14,508775,509068,-67,9.5,-61,9.75,39,1
PAIR,run02,indoor_static,878,100,922.000,7,125,4/5,14,509326,509621,-66,9.25,-61,9.75,39,1
PAIR,run02,indoor_static,879,100,922.000,7,125,4/5,14,509879,510172,-66,9.5,-61,9.5,39,1
PAIR,run02,indoor_static,880,100,922.000,7,125,4/5,14,510430,510723,-66,9.5,-61,10.0,39,1
PAIR,run02,indoor_static,881,100,922.000,7,125,4/5,14,510982,511275,-67,9.75,-61,9.75,39,1
PAIR,run02,indoor_static,882,100,922.000,7,125,4/5,14,511533,511826,-67,9.5,-61,9.75,39,1
PAIR,run02,indoor_static,883,100,922.000,7,125,4/5,14,512085,512378,-67,9.75,-62,9.25,39,1
PAIR,run02,indoor_static,884,100,922.000,7,125,4/5,14,512636,512929,-67,9.75,-62,9.75,39,1
PAIR,run02,indoor_static,885,100,922.000,7,125,4/5,14,513187,513480,-69,9.25,-61,9.75,39,1
PAIR,run02,indoor_static,886,100,922.000,7,125,4/5,14,513739,514032,-75,9.5,-61,10.0,39,1
PAIR,run02,indoor_static,887,100,922.000,7,125,4/5,14,514290,514583,-79,9.25,-61,9.5,39,1
PAIR,run02,indoor_static,888,100,922.000,7,125,4/5,14,514841,515134,-78,9.5,-61,9.75,39,1
PAIR,run02,indoor_static,889,100,922.000,7,125,4/5,14,515393,515686,-73,10.0,-62,10.0,39,1
PAIR,run02,indoor_static,890,100,922.000,7,125,4/5,14,515944,516237,-67,9.75,-62,9.75,39,1
PAIR,run02,indoor_static,891,100,922.000,7,125,4/5,14,516496,516789,-68,9.5,-62,9.5,39,1
PAIR,run02,indoor_static,892,100,922.000,7,125,4/5,14,517047,517340,-68,9.75,-63,9.75,39,1
PAIR,run02,indoor_static,893,100,922.000,7,125,4/5,14,517598,517891,-69,10.0,-63,10.25,39,1
PAIR,run02,indoor_static,894,100,922.000,7,125,4/5,14,518150,518443,-69,10.0,-62,10.0,39,1
PAIR,run02,indoor_static,895,100,922.000,7,125,4/5,14,518701,518994,-68,9.75,-61,9.25,39,1
PAIR,run02,indoor_static,896,100,922.000,7,125,4/5,14,519253,519546,-70,9.5,-60,10.0,39,1
PAIR,run02,indoor_static,897,100,922.000,7,125,4/5,14,519804,520097,-71,9.25,-60,9.25,39,1
PAIR,run02,indoor_static,898,100,922.000,7,125,4/5,14,520355,520648,-68,9.5,-59,9.25,39,1
PAIR,run02,indoor_static,899,100,922.000,7,125,4/5,14,520907,521200,-69,9.5,-59,9.75,39,1
PAIR,run02,indoor_static,900,100,922.000,7,125,4/5,14,521458,521751,-64,9.75,-56,9.75,39,1
PAIR,run02,indoor_static,901,100,922.000,7,125,4/5,14,522010,522302,-60,9.75,-57,9.75,39,1
PAIR,run02,indoor_static,902,100,922.000,7,125,4/5,14,522561,522854,-61,9.75,-58,10.25,39,1
PAIR,run02,indoor_static,903,100,922.000,7,125,4/5,14,523112,523407,-61,10.5,-59,9.25,39,1
PAIR,run02,indoor_static,904,100,922.000,7,125,4/5,14,523665,523958,-61,9.75,-58,10.0,39,1
PAIR,run02,indoor_static,905,100,922.000,7,125,4/5,14,524216,524509,-61,9.5,-57,10.0,39,1
PAIR,run02,indoor_static,906,100,922.000,7,125,4/5,14,524768,525061,-61,9.25,-58,9.75,39,1
PAIR,run02,indoor_static,907,100,922.000,7,125,4/5,14,525319,525612,-60,9.75,-56,9.5,39,1
PAIR,run02,indoor_static,908,100,922.000,7,125,4/5,14,525870,526164,-61,9.75,-59,9.25,39,1
PAIR,run02,indoor_static,909,100,922.000,7,125,4/5,14,526422,526715,-63,9.75,-59,9.0,39,1
PAIR,run02,indoor_static,910,100,922.000,7,125,4/5,14,526973,527266,-62,9.75,-59,9.75,39,1
PAIR,run02,indoor_static,911,100,922.000,7,125,4/5,14,527524,527818,-63,9.75,-60,9.5,39,1
PAIR,run02,indoor_static,912,100,922.000,7,125,4/5,14,528077,528370,-63,9.75,-59,9.0,39,1
PAIR,run02,indoor_static,913,100,922.000,7,125,4/5,14,528628,528921,-63,10.0,-60,9.25,39,1
PAIR,run02,indoor_static,914,100,922.000,7,125,4/5,14,529180,529472,-63,9.75,-60,9.75,39,1
PAIR,run02,indoor_static,915,100,922.000,7,125,4/5,14,529731,530024,-63,10.0,-59,9.75,39,1
PAIR,run02,indoor_static,916,100,922.000,7,125,4/5,14,530283,530575,-63,10.0,-60,9.25,39,1
PAIR,run02,indoor_static,917,100,922.000,7,125,4/5,14,530834,531127,-64,9.75,-59,9.0,39,1
PAIR,run02,indoor_static,918,100,922.000,7,125,4/5,14,531385,531678,-63,9.75,-59,9.25,39,1
PAIR,run02,indoor_static,919,100,922.000,7,125,4/5,14,531937,532229,-62,10.0,-59,9.0,39,1
PAIR,run02,indoor_static,920,100,922.000,7,125,4/5,14,532488,532781,-63,9.75,-60,10.25,39,1
PAIR,run02,indoor_static,921,100,922.000,7,125,4/5,14,533039,533332,-63,9.25,-60,9.25,39,1
PAIR,run02,indoor_static,922,100,922.000,7,125,4/5,14,533591,533884,-63,10.0,-59,9.25,39,1
PAIR,run02,indoor_static,923,100,922.000,7,125,4/5,14,534142,534435,-62,9.75,-60,9.5,39,1
PAIR,run02,indoor_static,924,100,922.000,7,125,4/5,14,534694,534987,-63,9.25,-60,9.25,39,1
PAIR,run02,indoor_static,925,100,922.000,7,125,4/5,14,535245,535538,-63,9.75,-59,9.0,39,1
PAIR,run02,indoor_static,926,100,922.000,7,125,4/5,14,535796,536089,-62,9.75,-59,9.0,39,1
PAIR,run02,indoor_static,927,100,922.000,7,125,4/5,14,536348,536640,-63,9.5,-59,9.25,39,1
PAIR,run02,indoor_static,928,100,922.000,7,125,4/5,14,536899,537191,-63,9.75,-60,9.5,39,1
PAIR,run02,indoor_static,929,100,922.000,7,125,4/5,14,537450,537743,-63,9.75,-60,9.25,39,1
PAIR,run02,indoor_static,930,100,922.000,7,125,4/5,14,538001,538294,-63,9.5,-59,9.5,39,1
PAIR,run02,indoor_static,931,100,922.000,7,125,4/5,14,538553,538846,-63,9.75,-60,9.5,39,1
PAIR,run02,indoor_static,932,100,922.000,7,125,4/5,14,539104,539397,-62,9.75,-60,9.0,39,1
PAIR,run02,indoor_static,933,100,922.000,7,125,4/5,14,539655,539948,-63,10.0,-60,9.0,39,1
PAIR,run02,indoor_static,934,100,922.000,7,125,4/5,14,540207,540500,-63,9.25,-60,9.25,39,1
PAIR,run02,indoor_static,935,100,922.000,7,125,4/5,14,540758,541051,-62,9.75,-59,9.5,39,1
PAIR,run02,indoor_static,936,100,922.000,7,125,4/5,14,541309,541603,-63,9.25,-59,9.5,39,1
PAIR,run02,indoor_static,937,100,922.000,7,125,4/5,14,541861,542154,-63,10.0,-60,9.0,39,1
PAIR,run02,indoor_static,938,100,922.000,7,125,4/5,14,542413,542706,-63,9.5,-60,9.25,39,1
PAIR,run02,indoor_static,939,100,922.000,7,125,4/5,14,542965,543257,-63,9.75,-60,9.25,39,1
PAIR,run02,indoor_static,940,100,922.000,7,125,4/5,14,543516,543809,-63,10.0,-60,9.25,39,1
PAIR,run02,indoor_static,941,100,922.000,7,125,4/5,14,544067,544360,-62,9.5,-59,9.25,39,1
PAIR,run02,indoor_static,942,100,922.000,7,125,4/5,14,544619,544911,-62,9.5,-59,9.25,39,1
PAIR,run02,indoor_static,943,100,922.000,7,125,4/5,14,545169,545462,-63,9.75,-60,9.25,39,1
PAIR,run02,indoor_static,944,100,922.000,7,125,4/5,14,545720,546014,-62,9.75,-60,9.25,39,1
PAIR,run02,indoor_static,945,100,922.000,7,125,4/5,14,546273,546566,-63,9.75,-60,8.75,39,1
PAIR,run02,indoor_static,946,100,922.000,7,125,4/5,14,546824,547117,-63,9.25,-60,9.75,39,1
PAIR,run02,indoor_static,947,100,922.000,7,125,4/5,14,547376,547669,-65,9.25,-60,9.5,39,1
PAIR,run02,indoor_static,948,100,922.000,7,125,4/5,14,547927,548220,-65,9.25,-60,9.75,39,1
PAIR,run02,indoor_static,949,100,922.000,7,125,4/5,14,548479,548772,-64,9.25,-60,9.75,39,1
PAIR,run02,indoor_static,950,100,922.000,7,125,4/5,14,549030,549323,-64,9.25,-61,9.5,39,1
PAIR,run02,indoor_static,951,100,922.000,7,125,4/5,14,549581,549874,-64,9.25,-60,10.0,39,1
PAIR,run02,indoor_static,952,100,922.000,7,125,4/5,14,550133,550426,-63,9.25,-60,9.5,39,1
PAIR,run02,indoor_static,953,100,922.000,7,125,4/5,14,550685,550978,-64,9.0,-59,10.0,39,1
PAIR,run02,indoor_static,954,100,922.000,7,125,4/5,14,551236,551529,-64,9.25,-60,9.0,39,1
PAIR,run02,indoor_static,955,100,922.000,7,125,4/5,14,551787,552080,-63,9.25,-60,9.5,39,1
PAIR,run02,indoor_static,956,100,922.000,7,125,4/5,14,552339,552632,-63,9.25,-59,10.0,39,1
PAIR,run02,indoor_static,957,100,922.000,7,125,4/5,14,552890,553183,-63,9.5,-60,9.5,39,1
PAIR,run02,indoor_static,958,100,922.000,7,125,4/5,14,553442,553735,-64,9.5,-60,9.25,39,1
PAIR,run02,indoor_static,959,100,922.000,7,125,4/5,14,553993,554286,-63,11.75,-60,9.25,39,1
PAIR,run02,indoor_static,960,100,922.000,7,125,4/5,14,554544,554836,-63,9.5,-60,9.5,39,1
PAIR,run02,indoor_static,961,100,922.000,7,125,4/5,14,555095,555388,-64,9.5,-59,9.5,39,1
PAIR,run02,indoor_static,962,100,922.000,7,125,4/5,14,555647,555939,-63,9.5,-60,10.0,39,1
PAIR,run02,indoor_static,963,100,922.000,7,125,4/5,14,556198,556491,-63,9.5,-61,9.25,39,1
PAIR,run02,indoor_static,964,100,922.000,7,125,4/5,14,556749,557042,-63,9.5,-61,9.75,39,1
PAIR,run02,indoor_static,965,100,922.000,7,125,4/5,14,557301,557594,-63,9.5,-59,9.5,39,1
PAIR,run02,indoor_static,966,100,922.000,7,125,4/5,14,557852,558145,-64,9.25,-62,9.25,39,1
PAIR,run02,indoor_static,967,100,922.000,7,125,4/5,14,558404,558696,-65,9.25,-62,9.5,39,1
PAIR,run02,indoor_static,968,100,922.000,7,125,4/5,14,558955,559248,-66,9.5,-62,9.75,39,1
PAIR,run02,indoor_static,969,100,922.000,7,125,4/5,14,559506,559800,-66,9.5,-62,9.5,39,1
PAIR,run02,indoor_static,970,100,922.000,7,125,4/5,14,560059,560352,-65,9.25,-62,9.25,39,1
PAIR,run02,indoor_static,971,100,922.000,7,125,4/5,14,560610,560903,-66,9.5,-62,9.75,39,1
PAIR,run02,indoor_static,972,100,922.000,7,125,4/5,14,561162,561455,-66,9.5,-63,10.0,39,1
PAIR,run02,indoor_static,973,100,922.000,7,125,4/5,14,561713,562006,-65,9.25,-62,9.25,39,1
PAIR,run02,indoor_static,974,100,922.000,7,125,4/5,14,562265,562558,-66,9.25,-63,10.25,39,1
PAIR,run02,indoor_static,975,100,922.000,7,125,4/5,14,562816,563109,-66,9.25,-62,9.5,39,1
PAIR,run02,indoor_static,976,100,922.000,7,125,4/5,14,563367,563660,-66,9.5,-62,9.75,39,1
PAIR,run02,indoor_static,977,100,922.000,7,125,4/5,14,563918,564213,-66,10.0,-62,9.75,39,1
PAIR,run02,indoor_static,978,100,922.000,7,125,4/5,14,564471,564764,-65,10.0,-62,9.75,39,1
PAIR,run02,indoor_static,979,100,922.000,7,125,4/5,14,565023,565315,-66,9.75,-61,9.5,39,1
PAIR,run02,indoor_static,980,100,922.000,7,125,4/5,14,565574,565867,-66,9.25,-62,9.75,39,1
PAIR,run02,indoor_static,981,100,922.000,7,125,4/5,14,566126,566419,-66,9.5,-62,9.75,39,1
PAIR,run02,indoor_static,982,100,922.000,7,125,4/5,14,566677,566970,-66,9.25,-62,9.5,39,1
PAIR,run02,indoor_static,983,100,922.000,7,125,4/5,14,567228,567521,-66,9.5,-62,10.0,39,1
PAIR,run02,indoor_static,984,100,922.000,7,125,4/5,14,567780,568072,-66,9.5,-62,10.0,39,1
PAIR,run02,indoor_static,985,100,922.000,7,125,4/5,14,568331,568625,-65,9.75,-62,9.5,39,1
PAIR,run02,indoor_static,986,100,922.000,7,125,4/5,14,568883,569177,-65,9.75,-63,9.75,39,1
PAIR,run02,indoor_static,987,100,922.000,7,125,4/5,14,569435,569728,-65,9.5,-62,9.5,39,1
PAIR,run02,indoor_static,988,100,922.000,7,125,4/5,14,569986,570279,-66,9.0,-62,10.0,39,1
PAIR,run02,indoor_static,989,100,922.000,7,125,4/5,14,570538,570831,-66,9.5,-61,9.5,39,1
PAIR,run02,indoor_static,990,100,922.000,7,125,4/5,14,571089,571382,-65,9.75,-61,10.0,39,1
PAIR,run02,indoor_static,991,100,922.000,7,125,4/5,14,571640,571933,-66,9.5,-60,9.25,39,1
PAIR,run02,indoor_static,992,100,922.000,7,125,4/5,14,572191,572484,-65,9.25,-61,9.5,39,1
PAIR,run02,indoor_static,993,100,922.000,7,125,4/5,14,572742,573035,-66,12.25,-60,9.75,39,1
PAIR,run02,indoor_static,994,100,922.000,7,125,4/5,14,573293,573586,-65,9.75,-60,9.5,39,1
PAIR,run02,indoor_static,995,100,922.000,7,125,4/5,14,573845,574138,-65,9.5,-60,9.75,39,1
PAIR,run02,indoor_static,996,100,922.000,7,125,4/5,14,574396,574689,-66,9.5,-61,10.0,39,1
PAIR,run02,indoor_static,997,100,922.000,7,125,4/5,14,574948,575240,-65,9.5,-61,10.0,39,1
PAIR,run02,indoor_static,998,100,922.000,7,125,4/5,14,575499,575792,-65,9.5,-60,9.75,39,1
PAIR,run02,indoor_static,999,100,922.000,7,125,4/5,14,576051,576343,-65,9.5,-60,9.5,39,1
DEVICE: done
>>> 
